300401,"Prodiana Plantain Chips Snacks 2.47 oz - Platanitos",70
300006,"B B Jalapeno Pepper 5.8 oz  Pack of 48",48
300323,"La Sirena Pica Lime Sardine 5.5 oz - Sardina Sabor Limon  Pack of 25",25
300050,"Del Frutal Mango Nectar 11.16 oz - Sabor Mango  Pack of 24",24
300095,"Mi Guatemala Kidney Beans  Yellow  2 Lb - Frijol Isich",24
300036,"De Mi Pais Coconut Water with Pulp 10.5 Oz 24-pack",24
300108,"Ducal BG12236 Ducal Red Beans Doy Pack - 18x14.1OZ",24
300110,"Ducal  Bean Refried Red  15 OZ  Pack of 24",24
300205,"Vital Fuerte Liquid Shot Dietary Supplement 10 Units - Suplemento Multivitaminico  Pack of 24",24
300410,"Tropical Bananita 16 oz - Refresco de Banana  Pack of 24",24
300437,"Tropiking Pineapple and Aloe Vera Juice Drink  16.9-Ounce  Pack of 24",24
300317,"Protemas Soy Protein 4.2 oz - Proteina de Soya  Pack of 18",18
300188,"Sukrol Liquid Shot Dietary Supplement 0.34 fl oz 10 units - Suplemento Multivitaminico",18
300295,"Tortrix Lemon 6.35 oz - Limon Paquete Familiar  Pack of 16",16
300335,"Malher Seasoning-Saborin 0.17 oz  Pack of 12  - Sazonador",16
300028,"Palmolive Neutro Balance Soap 6.34 oz - Jabon Balance Natural  Pack of 1",15
300114,"Adamed Chineese Menthol Ointment - Mentol Chino  Pack of 12",12
300053,"Del Frutal Strawberry Banana Nectar 11.16 oz - Sabor Fresa y Banano  Pack of 12",12
300169,"Accion Acetaminophen Display 204 Tabs - Acetaminofen",12
506300046,"Lemon Lime Whole Oats Sugar Free Cookies  - Galletas de Lima Limon Sin Azucar",12
502300741,"Maya-IK Cobanero Pepper Hot Sauce 5.45iz - Salsa de Chile Cobanero",12
300435,"Tropiking Aloe Vera Drink 50.7 oz - Bebida de Savila  Pack of 12",12
300342,"Malher Seafood Cream 2.85 oz  Pack of 12  - Crema de Mariscos",12
300052,"Del Frutal Peach Nectar 11.16 oz - Sabor Melocoton  Pack of 12",12
300336,"Malher Jocon Mix 2.29 oz  Pack of 12",12
502300572,"Crispin Biscuit With Chocolate - Galleta Cubierta De Chocolate",12
300100,"Ducal Peach Juice 5.3 oz fl - Jugo de Melocoton  Pack of 12",12
300433,"Yus Mango Powder Drink 10.6 oz - Jugo de Mango en Polvo",12
300388,"Prodiana Nacho Snacks 3.84 oz - Tortilla  Pack of 12",12
300442,"Ya Esta Chicken Rotisserie 3.5 oz - Rostizador de Pollo  Pack of 12",12
300002,"B B Picamas Red Hot sauce 7.5 oz - Salsa Roja picante  Pack of 12",12
502300638,"Magnesium Carbonate 7grs - Carbonato de Magnesio Puro  Pack of 12",12
300282,"Jaloma Olive Oil 2 oz - Aceite de Olivo",12
300086,"Mi Guatemala Seven Cereals Atole 12 oz - Atol de Siete Cereales  Pack of 12",12
300135,"GMS Balsam 0.42 oz - Balsamico",12
300314,"Ina Elbow Noodle 7.05 oz - Fideo Codo",10
502300636,"Magnesium Cloride Miracle Salt 3.5 Oz  100 grs  - Cloruro de Magnesio  Pack of 1",10
502300528,"Vital Fuerte   Sukrol - Combate El Estres Fisico Y Mental 10 Ampolletas Bebibles",10
300107,"Ducal Refried Black Beans 14.1 oz Frijoles Negros Volteados  10 pack",10
300161,"Picot Antacid 0.17 oz  Pack of 12  - Sal de Uvas Antiacido  Pack of 9",9
502300662,"Obao Mens Active Deodorant Stick 50g - Barra Activo Desodorante para Hombre  Pack of 9",9
300296,"Tortrix Spicy 6.35 oz - Picante Paquete Familiar  Pack of 8",8
300027,"Palmolive Cool Mint   Eucalypyus Soap 6.34 oz - Jabon de Menta Y Eucalipto",8
300057,"Del Frutal Tetrapack Mango Nectar 6.76 oz - Sabor Mango  Pack of 8",8
502503795,"Maya-IK Cobanero Pepper Hot Sauce 5.45iz - Salsa de Chile Cobanero (Pack of 1)",8
300449,"Neuro Fosfaton 15 Liquid Shots Vials Dietary Supplement - Suplemento Multivitaminico 15 Viales",8
300340,"Malher Suave Rico Seasoning Tenderizing  0.4 oz  Pack of 12  - Sazonador ablandador",8
502502870,"B&B Hot Peppers Mild Spicy 5.8 Oz - Jalapeno Semipicante",7
300309,"Ina Shells Noodle 7.05 oz - Concha  Pack of 7",7
300355,"Malher Tomato Beef Bouillon 16 oz - Consome De Tomate y Res",7
300217,"Ultradoceplex Drinkable Energy Booster 4 oz fl - Suplemento Multivitaminico  Pack of 6",6
300113,"Ducal Refried Red Beans 29 oz - Frijoles Rojos Refritos  Pack of 6",6
300248,"Sukrol Apple Syrup Dietary Supplement 8.11 oz fl - Suplemento Multivitaminico sabor a Manzana  Pack",6
300242,"Lainez Yodoclorina 10 tablets  Pack of 6",6
300047,"Castilla Lemon Flavor Concentrate 8.6 fl oz - Esencia de Limon",6
300420,"Mirinda Orange Flavor Drink 12 oz - Refresco de Naranja  Pack of 6",6
300422,"Orange Crush Drink12 oz - Refresco de Naranja  Pack of 6",6
300377,"Clorets Gum 60 x 2 units - Chicles  Pack of 6",6
300370,"Natura s Red Beans 14.1 oz - Frijol Rojo  Pack of 6",6
300359,"Melher Chocomelher Cholocate Flavored Coating 15.52 oz  Pack of 6",6
300216,"Calmadol Ointment 6 oz - Unguento  Pack of 6",6
506300027,"Chocolate Whole Oats Sugar Free Cookies Galletas de Chocolate Sin Azucar  Pack of 6",6
300227,"Sinestres Stress Relief Drinkable Vials 0.50 oz fl - Multivitaminico Bebible para el estres  Pack of",6
502300539,"China Vigor  For The Original Woman - Para La Muje",6
300104,"Ducal Canned Black Refried Beans 5.5 oz",6
300350,"Malher Shrimp Bouillon 7 oz - Consome de Camaron  Pack of 6",6
300382,"Pozuelo Chiky Chocolate Cookie 16.9 oz - Galletas",6
300044,"Castilla Grape Flavor Concentrate 8.6 fl oz - Esencia de Uva",6
502502433,"Chicles Clorets Blue - Clorets Azul 60 x 2 Pastillas (Pack of 1)",6
300364,"Naturas Ranchera Sauce 8.0 oz - Salsa",6
300419,"Lemon Crush Drink 12 oz - Refresco de Limon  Pack of 6",6
300414,"Salvavidas Grape Flavor Drink 12 oz - Refresco de Uva  Pack of 6",6
300247,"Lainez Rabano Yodado The Original Dietary Supplement 8 oz - Suplemento Nutricional  Pack of 6",6
300035,"Campero Tomato Sauce 14 oz - Salsa de Tomate  Pack of 6",6
300166,"Flanax Lozenges Cough Relief 20 Units - Alivio para la tos  Pack of 6",6
300093,"Mi Guatemala Red Kidney Bean 32 oz - Frijol Piloy Rojo  Pack of 6",6
300290,"Tortilla Senorial  Family Pack  Snack 3.5 oz  Pack of 6",6
300423,"Tiky Pineapple Drink 20 oz - Refresco de Pina  Pack of 6",6
300368,"Natura s Black Beans 8.0 oz - Frijol Negro  Pack of 6",6
300058,"Del Frutal Pineapple  3 pack  Nectar 6.76 oz - Sabor Pina",6
506300029,"Passion Fruit and Chia Whole Oats Sugar Free Cookies  - Galletas de Maracuya y Chia Sin Azucar",6
300374,"Mi Guatemala Ground Pepitoria 12 oz - Molida  Pack of 6",6
300381,"Pozuelo Chiky 16.9 Oz 6-pack  Strawberry",6
300332,"Lido Cremosa Cookies 11oz - Galletas",6
300367,"Natura s Red Beans 8.0 oz - Frijol Rojo  Pack of 6",6
300383,"Pozuelo Chiky 16.9 Oz 6-pack  Vanilla",6
300125,"XL3 Cold Medicine Extra Blue 12 Units - Antigripal  Pack of 6",6
502300557,"Penicilina For Wounds And Bites - Para Heridas Y Picaduras 0.45 Oz  Pack of 6",6
300105,"Ducal Refried Black Beans 8 oz - Frijoles Negros Refritos",6
502503299,"Ponds B3 Aclarant Oily Skin 200 gr - Aclarante Piel Grasa (Pack of 1)",6
300403,"Quaker Whole Oats 16 oz - Avena Entera  Pack of 5",5
500575,"Protex Deep Clean Soap 3.75 oz - Jabon de Limpieza Profunda  Pack of 24 ",5
300037,"De mi Pais Coconut Water 16.4 oz - Agua de Coco",5
502300530,"Postavit-B 4 En 1 Vitamins For The Brain  Eyes And Bones - Vitaminas Para El Cerebro  Vista y Huesos",5
300046,"Castilla Yolk  Concentrate 8.6 fl oz - Solucion de Yema",4
502300587,"Totis Lemon-Salt Snacks - Donitas Sal Y Limon 1.76 Oz  Pack of 4",4
300022,"Asepxia Soap Scrub  blue  3.52 oz - Jabon Exfoliante Azul  Pack of 4",4
300225,"Neurofosfaton 10 Vials 15ml - Tonic for the Nerves and Brain  Vitamina",4
300426,"Orange Crush 2 Liter  100.5 oz  - Refresco de Naranja",3
300325,"LA SIRENA Pica Pica Sardinas En Salsa De Tomate Picante 15 oz. 3 Pack",3
300137,"Flanax Pain Reliever fever Reducer 220mg.",3
501631,"Tortrix Spicy 0.88 oz (Pack of 12) - Picante",3
502502733,"DLC Sodium Bicarbonate - Bicarbonato De Sodio 4 Oz",3
300111,"Ducal Refried Black Beans 15 oz - Frijoles Negros Refritos  Pack of 3",3
300327,"La Sirena Sardines Pica Pica 15 oz",3
300352,"Malher Seasoning-Saborin 8.81 oz - Sazonador Saborin  Pack of 1",3
500693,"Castilla Vanilla Clara Flavoring - Esencia sabor a Vainilla 8.6 Oz (Pack of 1)",3
500912,"Ducal Red Beans Bag 8 oz - Frijol Rojo Bolsa Display  Pack of 6 ",3
300121,"Sedalmex Pain Reliever",3
300144,"3 PACK Dolo-neurobion 30 Tablets Pain Relief with Vitamins",3
300279,"Lombrisaca Medicina Worms Treatment 1 oz - Tratamiento para Lombrices Estomacales  Pack of 1",3
502503313,"Ponds B3 Aclarant Dry Skin 200 gr - Aclarante Piel Seca (Pack of 1)",3
300164,"Dr. Bells Pomade 2.6 oz Pomada de La Campana  Pack of 3",3
502503334,"Bijol Coloring And Seasoning 3.53 Oz - Colorante y Sazonador en Bote  Pack of 2 ",3
502300663,"Obao Mens Ice Deodorant Stick 50g - Barra Hielo Desodorante para Hombre  Pack of 3",3
300276,"Mata Piojos Shampoo   2-Ounces  Pack of 3",3
300026,"Asepxia Soap Neutral  white  3.52 oz - Jabon Natural Blanco  Pack of 3",3
502502385,"Coca Cola Drink - Coca Cola Medio Litro 16 Onz  Pack of 8 ",3
502503767,"Ricitos de Oro Hypoallergenic Lavender & Lettuce Baby Shampoo 400ml - Ricitos de Oro Lavanda y Lechu",3
300441,"Ya Esta Seafood Rotisserie 3.5 oz - Rostizador de Mariscos",3
300151-01,"Vital Fuerte Regular Dietary Supplement 30 Cap  Pack of 1",3
300411,"Tiky Pineapple Drink 12 oz can - Refresco de Pina",3
300151,"New Vital Fuerte Vitamins   Minerals Dietary Supplement 30 Capsules Antioxidant",2
502503252,"Nivea Moisturizing Cream 200ml - Crema Hidratante (Pack of 1)",2
501212,"Rattlesnake Soap - Jabon Aceite de Vibora  Pack of 12 ",2
300142,"SelecPharma Clotritlex Ointment 0.44 oz- Unguento",2
506300106,"Tayutic Coarse grain sweetener 17.63 Oz - Endulzante grano grueso",2
502300478,"Sweet Caramel - Dulce De Cajeta Mini 5.1 Oz  Pack of 2",2
300356,"Malher Chicken Bouillon  32 Ounce",2
502503116,"Grace animal ice vanilla cookie 1 oz  6 Cookies  - Galleta de Vainilla  Pack of 9 ",2
501635,"Tortilla Senorial Family Pack Snack 3.5 oz - Chips Paquete Familiar (Pack of 1)",2
300048,"Cerevita Corn Drink 10.58 oz - Atole de Maiz  Pack of 1",2
300115-06,"Neurobion Multivitamin 20 units  Pack of 6",2
502502898,"Orange Crush - Refresco De Naranja Plastica 20 Oz (Pack of 6)",2
300136,"Kura Kura Ointment 0.45 oz -  Unguento",2
300168,"Kofal-T Fuerte Red Analgesic 2 oz - Analgesico Rojo",2
300010,"Concha Nacar De Perlop Night Repair Cream  2 Ounce",2
300133,"Bioval Cuadriderma Ointment 1oz - Unguento",2
500703,"Castilla Lemon Flavor Concentrate 8.6 fl oz - Esencia de Limon (Pack of 1)",2
300090,"Mi Guatemala Hojaldras 10 units.",2
500514,"B B Picamas Green Hot sauce 19 oz - Salsa verde picante  Pack of 24 ",2
506300048,"soft strawberry centers covered in creamy milk chocolate - centros suaves de fresa recubiertos con",2
300389,"Prodiana Jalapeno Snacks 4.12 oz",2
502502464,"Incasa Coffee - Cafe Incasa 150 g  Pack of 12 ",2
300204,"Tempra Childrens Strawberry Flavor 4 oz - Jarabe para Ninos sabor a Fresa  Pack of 1",2
300025,"Asepxia Soap Forte 4 oz - Jabon Fuerte",2
506300107,"Mixed pack- Soft strawberry centers covered in Milk chocolate and Dark chocolate - Berra Bites  Pack",2
502300514,"Komilon Adults - Suplemento Del Apetito x 10 Viales x 15 ml  Pack of 1",2
300141-01,"SanaSana Ointment  Pack of 1",2
502503147,"Wildroot Leave in Conditioner 250ml - Acondicionador (Pack of 1)",2
300158,"Neurobion CLASSICO 50 Tablets Vitamin B Energy Booster",2
300107-04,"Ducal Black Beans Bag 14.1 oz  Pack of 4",2
500543,"Protex Fresh Soap 3.75 oz - Jabon de Frescura Natural  Pack of 12 ",2
300139,"Dolor Ear Drops 0.50 oz fl - Gotas para el Oido",2
500895,"Ducal Red Beans 5.5 oz - Frijol Rojo (Pack of 1)",2
300286,"Crujito Snack 1.25 oz  Pack of 12",2
502503944,"Savile Argan Oil Hair Styling Cream 300ml - Crema para el cabello con aceite de arg  n  Pack of 3 ",2
300387,"Prodiana Hot Curl Snack 2.53 oz - Maiz Chino Picante  Pack of 1",2
502185,"Yus Pineapple Powder Drink 12.7 oz - Jugo de Pina en Polvo  Pack of 12 ",2
300269,"Globulo Rojo High Potency Supplement Tonic 16 oz  Pack of 1",2
500355,"Orange Crush Drink12 oz - Refresco de Naranja  Pack of 24 ",2
500133,"DLC Merthodol 1 oz - Merthiolate  Pack of 3 ",2
502082,"Prodiana Cornbits Lime Snack 4.30 oz - Elotitos con Limon  Pack of 7 ",2
300154,"Dr. Bells Pomade 1.2 oz - Pomada de La Campana  Pack of 2",2
300019,"Concha Nacar de Perlop Natural Day Cream-1 Skin Care Good Product quality",2
300049,"Del Frutal Apple Nectar 11.16 oz - Sabor Manzana",2
500308,"Malher Beef Bouillon  1 Count  Pack of 24 ",2
500216,"Artribion Vitamin 80 Tabs - Vitaminas para la Artritis  Pack of 1",2
502503245,"Nivea Moisturizing Cream 100ml - Crema Hidratante (Pack of 1)",2
502503366,"Savile Aloe and Honey 2in1 Shampoo 750ml - Savile Pulpa de Sabila y Miel 2 en 1 Champu (Pack of 3)",2
300276-03,"Mata Piojo Shampoo Lice Treatment 2 oz  Pack of 3",2
502503756,"Ricitos de Oro Hypoallergenic Chamomile Baby Shampoo 400ml - Ricitos de Oro Manzanilla Champu (Pack",2
300251,"Vick Vitapirena Analgesic 50 Envelopes Display - Analgesico",2
300275,"Vino Carne Hierro 16Fl oz",2
300334,"Malher Onion Salt 0.21 oz  Pack of 12  - Sazonador Sal de Cebolla",2
500678,"Castilla Strawberry Flavor Concentrate 8.6 fl oz - Esencia de Fresa (Pack of 1)",2
502503780,"Florida Water Cologne 7.5oz - Agua Florida Colonia (Pack of 9)",2
502503409,"Ponds Cleansing Cream 185g - Crema C de Limpieza (Pack of 1)",2
300235,"Emulsion Scott Frutas Tropicales  tropical fruit  400 Ml.",2
1254FBA,"Picamas Hot Sauce Jumbo 19oz",2
300017,"Protex Omega 3 Soap 3.9 oz - Jabon con Omega 3",2
300143,"2 X 28g Tubes  Total 56g  Vitacilina Retinol Neomicina Unguento Ointment Minor Burn Cuts Rash For Fa",2
502300465,"Ponds B3 Aclarant Dry Skin 100 gr - Aclarante Piel Seca",2
300008,"Palmolive Brillantina Con Aceite De Oliva 52ml.",2
300365,"Natura s Sofrito Sauce 8.0 oz - Salsa  Pack of 1",2
500171,"Picot Antacid 0.17 oz  Pack of 12  - Sal de Uvas Antiacido  Pack of 9 ",2
300076,"Mi Guatemala Roscas 8 oz  Pack of 1",2
500061,"De Mi Pais Coconut Water with Pulp 10.5 Oz 24-pack",2
300032,"Urania Siete Machos Original Cologne 220 Ml 7.44 Fl Oz",2
502300522,"Anti-Empacho Antacid - Antiacido 8 Oz  Pack of 1 ",2
300131,"Gradonerma Ointment - Unguento  Pack of 1 ",2
300343,"Malher Pepian Mix 2.82 oz -  Pack of 1",2
506300088,"Soft strawberry centers covered in dark chocolate - Centros suaves de fresa recubiertos en chocolat",2
300341,"Malher Garlic Salt 0.21 oz  Pack of 12  - Sazonador Sal de Ajo",2
300091,"Mi Guatemala Dry Black Beans 16 oz - Frijoles Negros",2
502503396,"Ponds Bio-Hydration Cream 100g - Bio-Hidratante Crema (Pack of 2)",2
500038,"Perlop Concha Nacar Day No.1  2 oz - Crema de Dia Natural  Pack of 6 ",2
300030,"Palmolive Aloe and Olive Extracts Soap 6.34 oz",2
500014,"ByB Orgeat Concentrate 22.9 oz - Concentrado de Horchata (Pack of 1)",2
300224,"Artrifin Vitamin 20 Envelopes X 4 Gel Capsules - Vitaminas para la Artritis",2
501959,"Natura s Red Beans 8.0 oz - Frijol Rojo  Pack of 6 ",2
300358,"Mayte Sweet Plantain Chips 3.04 Oz - Maduritos Dulce",2
300319-01,"La Jarrillita Coffee 0.28 oz  Pack of 1",2
300361,"Malher Chocomelher  Cholocate Flavored Coating with Peanuts 15.52  oz",2
300289,"Tortrix Lemon 0.88 oz  Pack of 12  -  Limon",2
300185,"100  Pure Avocado Oil 2 Fl Oz - Aceite de Aguacate by De La Cruz",2
506300105,"Tayutic Soft grain sweetener 17.63 Oz - Endulzante grano suave",2
502164,"Tiky Pineapple Drink 12 oz - Refresco de Pina  Pack of 12 ",2
300353,"Malher Chicken - Pasta Soup 1.07 oz - Sopa De Pollo - Fideo  Pack of 1",1
500604,"Asepxia Soap Forte 4 oz - Jabon Fuerte (Pack of 6)",1
300207,"Vital Fuerte H3 100 Cap - Multivitaminico",1
501104,"Bayer Aspirine Adults 100 Tabs - Aspirina para Adultos  Pack of 6 ",1
502503368,"Savile Aloe and Honey 2in1 Shampoo 750ml - Savile Pulpa de Sabila y Miel 2 en 1 Champu (Pack of 12)",1
300304,"Ina Bow Tie Noodle 5.29 oz - Corbaton",1
501957,"Natura s Sofrito Sauce 8.0 oz - Salsa  Pack of 6 ",1
1002FBA,"TLP Molcajete Mexican Mortar and Pestle 8.5 inch",1
502503939,"Savile Biotin Shampoo 750ml - Biotina Champu (Pack of 3)",1
501364,"Neuro Fosfaton Liquid Shots Dietary Supplement - Suplemento Multivitaminico Viales  Pack of 6 ",1
300115,"Neurobion Multivitamin 20 units - Multivitaminico",1
502502912,"Crispin Biscuit With Chocolate - Galleta Cubierta De Chocolate  Pack of 30 ",1
501626,"TorTrix Crujito Snack 1.25 oz  Pack of 48 ",1
502503420,"Ponds Cleansing Cream 95g - Crema C de Limpieza (Pack of 2)",1
300181,"Predilecto Aceite de Oliva 4 oz - Olive Oil  Pack of 1",1
502167,"Tiky Pineapple Drink 12 oz - Refresco de Pina  Pack of 6 ",1
502503523,"Sedal Curl Defining Shampoo 340ml - Sedal Rizo Definidos Champu (Pack of 4)",1
502300652,"SEDAL SHAMP CRECIMENT 11.8 OZ",1
501762,"Ina Heart of Wheat 14.10 oz - Corazon de Trigo  Pack of 10 ",1
502503889,"Bronco Liptos Honey Syrup 8.11oz - Jarabe de Miel",1
502157,"Lemon Crush Drink 12 oz - Refresco de Limon  Pack of 6 ",1
502300743,"B B Picamas Green Hot Sauce 16oz - Salsa Picante Verde  Pack of 1 ",1
502182,"Yus Guanabana Powder Drink 12.7 oz - Agua fresca sabor a Guanabana  Pack of 6 ",1
502194,"Tropiking Aloe Vera Drink 50.7 oz - Bebida de Savila  Pack of 12 ",1
501152,"Rude   Gliceryn Soap 3.3 oz - Jabon de Ruda y Glicerina  Pack of 18 ",1
300071,"Diana Corn Sticks 1.12 oz - Palitos De Maiz",1
501188,"Jaloma Olive Oil 4 oz - Aceite de Olivo  Pack of 6 ",1
300088,"Mi Guatemala Pinol Atole 12 oz - Atol de Pinol  Pack of 1",1
300129,"Sukrol Vigor Mujer Dietary Supplement With Vitamin E 30 Tablets... mtc",1
300285-01,"Neurobion 50 Mil Multivitamin Vials 10 Units  Pack of 1",1
500623,"Palmolive Aloe and Olive Extracts Soap 6.34 oz - Palmolive Jabon Natural Aloe & Oliva 180G 180 gr (P",1
501990,"Adams Gum 100 x 2 units - Chiclets  Pack of 12 ",1
501055,"Dolo Neurobion Pain Reliever 30 tabs - Pastillas para el Dolor  Pack of 12 ",1
502503954,"Protex Complete 12 Bar Soap - Jabon Completo 12 (Pack of 36)",1
500573,"Protex Deep Clean Soap 3.75 oz - Jabon de Limpieza Profunda  Pack of 12 ",1
500901,"Ducal Refried Black Beans 5.5 oz - Frijoles Negros Refritos  Pack of 12 ",1
500916,"Ducal Red Beans Bag 14.1 oz - Frijol Rojo Bolsa  Pack of 12 ",1
502503711,"Xtreme Green Styling Gel 450g - Verde Gel de Peinado (Pack of 1)",1
501304,"Zorritone Cold Relief Syrup 4 oz - Antigripal  Pack of 6 ",1
501287,"Vital Fuerte H3 100 Cap - Multivitaminico  Pack of 6 ",1
300395,"Prodiana Japanese Peanuts 4.6 oz - Mani Japones  Pack of 1",1
500125,"Dolo Neurobion Pain Reliever 30 tabs - Pastillas para el Dolor  Pack of 3 ",1
502503405,"Ponds Moisturizing S Cream 200g - Crema S Humectante (Pack of 6)",1
500367,"Tropiking Aloe Vera Drink 16.9 oz - Bebida de Savila  Pack of 24 ",1
502503452,"Emulsion Scott Cherry - Emulsion Cereza 200 ml (Pack of 2)",1
300066,"Diana Nachos 0.53 oz Pack of 12",1
501597,"Lombrisaca Medicina Worms Treatment 1 oz  Pack of 6 ",1
300391,"Prodiana Corn Chips Hot Snack 4.30 oz - Picante  Pack of 1",1
300440,"Tropiking Aloe Vera Drink 16.9 oz - Bebida de Savila  Pack of 1",1
502300569,"Incasa Coffee - Cafe Incasa 150 g  Pack of 1 ",1
502028,"Prodiana Jalapeno Snacks 4.12 oz - Tortilla  Pack of 12 ",1
502503517,"Sedal Ceramidas Shampoo 340ml - Sedal Ceramidas Champu (Pack of 4)",1
300233,"Energyzan Energy Vials 10 Units - Ampolletas Energizantes",1
501369,"Hemanina Forte Dietary Supplement 5 oz fl  Pack of 6 ",1
502087,"Quaker Ground Oats 10.9 oz - Avena Molida (Pack of 1)",1
500783,"Diana Cornbits Hot 0.56 oz  Pack of 12  - Elotitos con Piquete  Pack of 4 ",1
300146,"Merthiolate - Tincture - Antiseptic - Tintura - 1 fl oz  30ml",1
502503824,"B&B Worcestershire Sauce 5.36oz - Salsa Inglesa (Pack of 1)",1
300098,"Mi Guatemala Pan de Feria 8 oz",1
500505,"Picamas Red Sauce 7.05 oz",1
300004,"Picamas Hot Sauce Jumbo 19oz",1
502503468,"Adrenaline 10.5 FL Oz - Adrenalina (Pack of 18)",1
300206,"Vital Fuerte Regular Dietary Supplement 100 Caps - Suplemento Multivitaminico",1
500089,"Ducal Refried Black Beans 15 oz - Frijoles Negros Refritos",1
300293,"Tortrix Tacos Creole Sauce 6.34 oz - Salsa Criolla",1
300229,"Neuro Fosfaton-Ginseng 10 vials 0.5 oz fl  - Suplemento Multivitaminico",1
502503781,"Florida Water Cologne 7.5oz - Agua Florida Colonia  Pack of 12 ",1
300012,"Protex Fresh Soap 3.75 oz - Jabon de Frescura Natural",1
502503421,"Ponds Cleansing Cream 365g - Crema C de Limpieza (Pack of 1)",1
500709,"Cerevita Corn Drink 10.58 oz - Atole de Maiz  Pack of 12 ",1
502503885,"Clear Eyes Redness Relief Eye Drops 6ml - Gotas para los ojos (Pack of 3)",1
502502463,"Incasa Coffee - Cafe Incasa 150 g  Pack of 10 ",1
300038,"Cantonesa Chao Mein 7 oz  Pack of 1 ",1
500594,"Asepxia soap - Natural 4oz. - Asepxia Soap Neutral 4 oz (Pack of 24)",1
502258,"De La Cruz Gentian Violet First Aid Antiseptic Liquid 1 Ounces pack of 2  by De La Cruz",1
502300542,"Bio Visual Vitamin For Sight - Vitamina Para La Vista 10 Ampolletas",1
300392,"Diana Cornbits Snack 4.3 oz - Elotitos",1
501643,"Tortillita Senorial Snack 0.42 oz - 12 Units  Pack of 4 ",1
502503933,"Hinds Inspiration Dry Skin Lotion 400ml - Inspiracion Piel Seca Locion  Pack of 3 ",1
501301,"Zorritone Cold Relief Syrup 4 oz - Antigripal  Pack of 12 ",1
502300780,"Racor Dry Red Beans 32oz - Frijoles Rojo de Seda",1
502502626,"Postavit-B 4 En 1 Vitamins For The Brain  Eyes And",1
502503227,"Obao Mens Intense Spray Deodorant 150ml - Desodorante Intenso Aerosol para Hombre (Pack of 1)",1
500712,"Cerevita Corn Drink 10.58 oz - Atole de Maiz  Pack of 6 ",1
502503737,"Xtreme Reaction Black Styling Gel 250g - Reacci  n Negro Gel de Peinado  Pack of 2 ",1
300354-01,"Malher Chicken Bouillon 16 oz  Pack of 1",1
502503294,"Ponds B3 Aclarant Oily Skin 100 gr - Aclarante Piel Grasa (Pack of 2)",1
501630,"Tortrix Barbecue 0.88 oz  Pack of 12  - Barbacoa  Pack of 6 ",1
500560,"Protex Aloe Soap 3.75 oz - Jabon de Savila  Pack of 24 ",1
300396-01,"Prodiana Corn Stick Snack 5.89 oz  Pack of 1",1
502504540,"Mi Guatemala Dry Black Beans 16 oz - Frijoles Negros (Pack of 3)",1
500046,"Asepxia Moisturizing Humectante Cleansing Bar 3.53oz  Pack of 5 ",1
501972,"Mi Guatemala Ground Pepitoria 12 oz - Molida  Pack of 12 ",1
501987,"Clorets Gum 60 x 2 units - Chicles  Pack of 24 ",1
500506,"B B Picamas Red Hot sauce 7.5 oz - Salsa Roja picante  Pack of 12 ",1
502503524,"Sedal Curl Defining Shampoo 340ml - Sedal Rizo Definidos Champu  Pack of 8 ",1
300138,"Diclofenaco Antiflamatory 10x10 Tabs - Antiflamatorio en Tabletas  Pack of 1",1
501550,"Globulo Rojo High Potency Supplement Tonic 16 oz  Pack of 6 ",1
501606,"Jaloma Olive Oil 2 oz - Aceite de Olivo  Pack of 6 ",1
501780,"La Jarrillita Coffee 10 x 0.28 oz - Caf   Pack of 5 ",1
502503387,"Ponds Moisturizing S Cream 100g - S Crema Humectante (Pack of 3)",1
300294,"Tortrix Barbecue 6.35 oz -Tortrix  Barbacoa",1
500272,"Mata Piojo Shampoo Lice Treatment 2 oz - Shampoo para Piojos  Pack of 3 ",1
300262,"Prostaral H4 Prostate Supplament Vials 10 units  Pack of 1",1
500552,"Protex Oats Soap 3.9 oz - Jabon de Avena (Pack of 1)",1
300041,"Castilla Cream Flavor Concentrate 8.6 fl oz - Esencia de Crema  Pack of 1",1
501906,"Malher Shrimp Bouillon 7 oz - Consome de Camaron  Pack of 6 ",1
300429,"Yus Guanabana Powder Drink 12.7 oz - Agua fresca sabor a Guanabana  Pack of 1 ",1
501624,"TorTrix Crujito Snack 1.25 oz  Pack of 24 ",1
502503488,"Caprice Special Fall Control Shampoo 800ml - Extracto de Mamey y Arginina Control Caida Champu (Pack",1
300244,"Picot Antacid Powder 50 1pk",1
300051,"Del Frutal Pineapple Nectar 11.16 oz - Sabor Pina  Pack of 1 ",1
501904,"Malher Shrimp Bouillon 7 oz - Consome de Camaron (Pack of 12)",1
501765,"Ina Heart of Wheat 14.10 oz - Corazon de Trigo  Pack of 25 ",1
MAYALAND,Mayaland,1
502503625,"Gorilla Punk Snot Gel 340g - Gel Punk Moco de Gorilla (Pack of 1)",1
501863,"Malher Suave Rico Seasoning 0.4 oz - Sazonador  Pack of 40 ",1
300106,"Ducal Refried Red Beans 8 oz Frijoles Rojos Volteados",1
502503391,"Ponds Bio-Hydration Cream 100g - Bio-Hidratante Crema (Pack of 1)",1
300311,"Ina Soy Sauce 5 oz - Salsa Soya",1
502503201,"Obao Womens Bamboo Deodorant Spray 150ml - Desodorante Bamb   Aerosol para Mujer  Pack of 12 ",1
300253,"Lainez Bacaolinita Dietary Supplement  8 oz - Suplemento Nutricional.",1
502503576,"Odolex Original Scent Deodorizing Powder 300g - Talco Desodorante Olor Original  Pack of 6 ",1
300402,"Quaker Ground Oats 16 oz - Avena Molida  Pack of 1",1
502503304,"Ponds B3 Aclarant Oily Skin 200 gr - Aclarante Piel Grasa (Pack of 2)",1
300059,"Delicias Yellow Cherry 16 oz Nance en Almibar  Pack of 1",1
502300666,"Obao Womens Sensitive Angel Spray Deodorant 150ml - Desodorante Angel Aerosol para Mujer  Pack of 1",1
300031,"Palmolive Yoghurt and Fruits Soap 6.34 oz - Jabon de Yoghurt y Frutas",1
500909,"Ducal Refried Black Beans 8 oz - Frijoles Negros Refritos (Pack of 36)",1
502503360,"Savile Keratin Shampoo 750ml - Savile Karatina Champu  Pack of 3 ",1
300067,"Diana Jalapeno 0.56 oz Pack of 12",1
501838,"Malher Seasoning Tenderizer 0.35 oz - Sazonador Ablandador  Pack of 8 ",1
502503379,"Ponds Dark Spot Correcting Cream 400g - Crema Corrector de Manchas Oscuras (Pack of 2)",1
502161,"Mirinda Orange Flavor Drink 12 oz - Refresco de Naranja  Pack of 24 ",1
500764,"Delicias Yellow Cherry 32 oz Nance en Almibar  Pack of 12 ",1
300363,"Natura s Cheese Sauce 8 oz - Salsa Con Queso",1
300284,"Sanatos Children Syrup 4 oz - Antigripal de Dia  Pack of 1 ",1
501489,"Lainez Bacaolinita Dietary Supplement  8 oz  Pack of 6 ",1
502502917,"Sweet Caramel - Dulce De Cajeta Mini 5.1 Oz  Pack of 2 ",1
300060,"Delicias Bamboo Shoots 16 oz Pacaya  Pack of 1 ",1
300075-01,"Mi Guatemala Cobanero Chilli Pods 6 oz  Pack of 1",1
502503449,"DCL Rosemary Oil - Aceite De Romero 2 Oz (Pack of 4)",1
501988,"Clorets Gum 60 x 2 units - Chicles  Pack of 6 ",1
502503940,"Savile Biotin Shampoo 750ml - Biotina Champu  Pack of 6 ",1
300075,"Mi Guatemala Cobanero Chilli Pods 6 oz - Chile Coban  Pack of 1",1
300355-01,"Malher Tomato Beef Bouillon 16 oz  Pack of 1",1
502503574,"Odolex Ladys Deodorizing Powder 150g - Talco Desodorante de Mujeres (Pack of 4)",1
501873,"Malher Pepian Mix 2.82 oz -  Pack of 6 ",1
502503634,"Gorilla Rocker Snot Gel 340g - Gel Rockero Moco de Gorilla  Pack of 2 ",1
300319,"La Jarrillita Coffee 0.28 oz  Pack of 10  - Caf",1
501984,"Clorets Gum 60 x 2 units - Chicles  Pack of 1",1
502503636,"Gorilla Gallant Snot Gel 340g - Gel Galan Moco de Gorilla  Pack of 4 ",1
500178,"Sukrol Dietary Supplement 100 Tablets  Pack of 3  ",1
502503450,"DLC Sodium Bicarbonate - Bicarbonato De Sodio 4 Oz  Pack of 2 ",1
500103,"Ocusan Eye Drops 15 cc - Gotas Para los Ojos  Pack of 3 ",1
500688,"Castilla Grape Flavor Concentrate 8.6 fl oz - Esencia de Uva (Pack of 1)",1
500508,"B B Picamas Red Hot sauce 7.5 oz - Salsa Roja picante  Pack of 24 ",1
502188,"Yus Horchata Powder Drink 12.7 oz - Agua fresca sabor a Horchata  Pack of 6 ",1
501013,"GMS Ointment - Unguento  Pack of 6 ",1
502215,"Tropiking Aloe Vera Drink 16.9 oz - Bebida de Savila  Pack of 6 ",1
502503415,"Ponds Cleansing Cream 95g - Crema C de Limpieza (Pack of 1)",1
300237,"Sanatos Nigth Syrup 6 oz - Antigripal Nocturno",1
501403,"Energyzan Energy Vials 10 Units - Ampolletas Energizantes  Pack of 6 ",1
502002,"Pozuelo Chiky Strawberry Cookie 16.9 oz - Galletas de Fresa  Pack of 12 ",1
501622,"TorTrix Crujito - TorTrix Crujito Snack 1 oz (29gr) (Pack of 1)",1
300180,"Neomelubrina 500 mgs 100 Tabs - Suplemento Vitaminico  Pack of 1",1
502502381,"Coca Cola Drink - Coca Cola Medio Litro 16 Onz (Pack of 1)",1
501153,"Rude   Gliceryn Soap 3.3 oz - Jabon de Ruda y Glicerina  Pack of 24 ",1
502503556,"Odolex Pink Baby Powder 300g - Talco de Bebe Rosa (Pack of 1)",1
500673,"Castilla Cream Flavor Concentrate 8.6 fl oz - Esencia de Crema  Pack of 1 ",1
500537,"Aguacatina Avocado Oil 4 oz - Aceite de Aguacate (Pack of 1)",1
502272,"Ducal Refried Black Beans 14.1 oz Frijoles Negros Volteados  6 pack ",1
300162,"Sukrol Tablets",1
502503532,"Sedal Instant Restoration Shampoo 340ml - Sedal Restauracion Champu 340ml (Pack of 2)",1
300273,"Esencia Maravillosa 15 ml.  Pack of 1",1
501766,"Ina Heart of Wheat 14.10 oz - Corazon de Trigo  Pack of 5 ",1
300064,"Delicias Yellow Cherry 32 oz Nance en Almibar",1
500207,"Rattlesnake Soap - Jabon Aceite de Vibora  Pack of 3 ",1
300159,"NeuroBion Energy Dietary Supplement 60 Capsules Amino Acids Vitamins B1  B6   B12   Zinc   Chromium",1
300252,"Lainez Bacaolina Adults Dietary Supplement 8 oz - Suplemento Nutricional para Adulto 8 oz",1
501833,"Lido Cremosa Cookies11oz - Galletas  Pack of 6 ",1
300150,"Tempra Stage 1 Acetaminophen for Children and Infants 1 oz.  2 Pack",1
300177,"Panadol Cold Relief 100 Tabs Display - Antigripal en Tabletas  Pack of 1",1
500602,"Asepxia Soap Forte 4 oz - Jabon Fuerte (Pack of 18)",1
300134,"GMS Ointment - Unguento  Pack of 1",1
502502911,"Crispin Biscuit With Chocolate - Galleta Cubierta ",1
300434,"Yus Hibiscus Flower Powder Drink 10.6 oz - Mezcla Flor de Jamaica en Polvo",1
500683,"Castilla Pineapple Flavor Concentrate 8.6 fl oz - Esencia de Pina (Pack of 1)",1
502503644,"Gorilla Sport Snot Gel 340g - Gel deportivo Moco de Gorilla  Pack of 2 ",1
300329,"Lido Margarita Cookies 6.7 oz - Galletas",1
502502344,"Totis Lemon-Salt Snacks - Donitas Sal Y Limon 1.76 Oz  Pack of 12 ",1
500576,"Protex Deep Clean Soap 3.75 oz - Jabon de Limpieza Profunda  Pack of 6 ",1
500366,"Tropiking Mango-Aloe Drink 16.9 oz fl - Bebida Mango y Savila  Pack of 24 ",1
502502650,"Vicks VapoRub Cough Suppressant - Supresor De La Tos 12 g  Pack of 6 ",1
501940,"Melher Chocomelher Cholocate Flavored Coating 13.22 oz - Chocolate  Pack of 24 ",1
502300523,"Cuadriderma First Aid Antibiotic - Antibiotico De Primeros Auxilios 28.35 g  Pack of 1 ",1
502503088,"Magnesium Cloride Miracle Salt 3.5 Oz  100 grs  - Cloruro de Magnesio  Pack of 3",1
300297,"Tortilla Senorial  Pepper and Lime Flavor 0.42 oz  Pack of 12  - Chips Chile Limon",1
502502866,"Bijol Coloring And Seasoning 3.53 Oz - Colorante y Sazonador en Bote (Pack of 6)",1
502251,"Picamas Red Hot Sauce 7.05 oz.  6-Pack ",1
502503586,"Odolex Fresh Scent Deodorizing Powder 300g - Talco Desodorante Aroma Fresco  Pack of 6 ",1
300375,"Canel s The Original Chewing Gum 7 Flavors Assortment 300 Count Tub NET WT 3 Lbs 4.91 OZ",1
300075-06,"Mi Guatemala Cobanero Chilli Pods 6 oz  Pack of 6",1
500009,"Picamas Green Hot Sauce 7.05 oz.  8-Pack ",1
502503843,"Del Frutal Guava Nectar Juice 11.2oz - Jugo de Guayaba  Pack of 12 ",1
502203,"Tropiking Pineapple-Aloe Drink 16.9 oz fl - Bebida Pina y Savila  Pack of 6 ",1
502503389,"Ponds Moisturizing S Cream 100g - S Crema Humectante  Pack of 12 ",1
501928,"Malher Tomato Beef Bouillon 16 oz - Consome De Tomate y Res  Pack of 6 ",1
502503639,"Gorilla Gallant Snot Gel 340g - Gel Galan Moco de Gorilla  Pack of 2 ",1
500923,"Ducal Refried Red Beans 15 oz - Frijoles Rojos Refritos  Pack of 6 ",1
501216,"Sukrol Liquid Shot Dietary Supplement 10 units  Pack of 12 ",1
501123,"Sukrol Regular Dietary Supplement 100 Tabs  Pack of 6 ",1
502503688,"Xtreme Transparent Styling Gel 250g - Transparente Gel de Peinado (Pack of 2)",1
502088,"Quaker Ground Oats 16 oz - Avena Molida  Pack of 10 ",1
502503817,"B&B Picamas Green Hot Sauce 16oz - Salsa Picante Verde (Pack of 3)",1
300007,"B B Orgeat Concentrate 32 oz - Concentrado De Horchata",1
500686,"Castilla Pineapple Flavor Concentrate 8.6 fl oz - Esencia de Pina  Pack of 24 ",1
502502348,"Totis Lemon-Salt Snacks - Donitas Sal Y Limon 1.76 Oz  Pack of 3 ",1
500091,"Ducal Refried Black Beans 15 oz - Frijoles Negros Refritos  Pack of 3 ",1
300245,"Tabcin Blue Cold Refief 76 Tablets - Anti Gripal Azul  Pack of 1",1
500010,"Mama Lycha Picamas Salsa Verde Hot Sauce  7.05 Ounce  Pack of 24 ",1
502504570,"Ducal Red Beans Bag 8 oz - Frijol Rojo Bolsa Display (Pack of 12)",1
300380,"Pozuelo Club Extra Cookies 10.6 oz - Galletas",1
502503842,"Del Frutal Guava Nectar Juice 11.2oz - Jugo de Guayaba (Pack of 6)",1
300124,"Vitacilina Antibiotic Cream 14 grams - Vitacilina en Crema  Pack of 1",1
500179,"Sukrol Tablets 100-Count  3-Pack ",1
502504475,"Mi Guatemala Pinol Atole 12oz - Pinol (Pack of 18)",1
300020,"Urania 7 Machos Cologne 3.72 oz - Colonia 7 Machos.",1
501997,"Pozuelo Club Extra BAG Cookies 10.6 oz - Galletas  Pack of 12 ",1
502300506,"Dolex Extra Strenght - Extra Fuerte Disp. 50 x 2 Tabs  Pack of 1 ",1
300045,"Castilla Vanilla Flavor Concentrate 8.6 fl oz - Esencia de Vainilla  Pack of 1",1
501648,"Tortrix Tacos Creole Sauce 6.34 oz - Salsa Criolla  Pack of 8 ",1
501785,"Incasa Coffee 1.76 oz - Cafe  Pack of 6 ",1
502502803,"Castilla Jamaica Flavoring - Esencia sabor a Jamaica 8.6 Oz (Pack of 1)",1
300016,"Protex Vitamine E Soap 3.9 oz - Jabon con Vitamina E",1
502300556,"Buscapina Compositum - Bucapina Compuesta  24 tab   Pack of 1",1
502503480,"Caprice Hydrating Honey Wheat Shampoo 800ml - Miel y Germen de Trigo Hidratacion Champu  Pack of 2 ",1
300278,"Night Time Multi-Symptom Cold Flu Relief 12 oz - Antigripal de Noche  Pack of 1 ",1
502503414,"Ponds Cleansing Cream 185g - Crema C de Limpieza (Pack of 2)",1
501975,"Mi Guatemala Ground Pepitoria 12 oz - Molida  Pack of 6 ",1
502503260,"Wildroot Leave in Conditioner 100ml - Acondicionador  Pack of 2 ",1
501936,"Mayte Sweet Plantain Chips 3 oz  Pack of 30 ",1
502503936,"Savile Radiant Curls Shampoo 750ml - Rizos Radiantes Champu  Pack of 6 ",1
500194,"Flanax Lozenges Cough Relief 20 Units - Alivio para la tos  Pack of 2 ",1
502249,"Picamas Green Hot Sauce 7.05 oz.  3-Pack",1
300001,"B B Picamas Green Hot sauce 3.52 oz - Salsa verde picante  Pack of 1",1
300142-06,"SelecPharma Clotritlex Ointment  Pack of 6",1
501986,"Clorets Gum 60 x 2 units - Chicles (Pack of 18)",1
502502345,"Totis Lemon-Salt Snacks - Donitas Sal Y Limon 1.76 Oz  Pack of 18 ",1
502503186,"Obao Mens Ice Deodorant Stick 50g - Barra Hielo Desodorante para Hombre Pack of 3 ",1
300374-01,"Mi Guatemala Ground Pepitoria 12 oz  Pack of 1",1
502503921,"Goya Black Beans 15.5oz - Frijoles Negros (Pack of 18)",1
300116,"Dolo-Max Cold 12 tabs - Pastillas para la Gripe  Pack of 1",1
501566,"Esencia Maravillosa 15 ml.  Pack of 12 ",1
300165,"Flanax Pain fever Reducer Tablets 220mg - 50 Packets 1 Tablet PER Packet",1
500304,"Malher Chicken Bouillon  8 Ounce",1
500310,"Mayte Sweet Plantain Chips 3 oz (Pack of 1)",1
501789,"Incasa Coffee 3.53 oz - Cafe  Pack of 6 ",1
500679,"Castilla Strawberry Flavor Concentrate 8.6 fl oz - Esencia de Fresa  Pack of 12 ",1
500245,"Vital Fuerte Dietary Supplement Syrup 9.3 oz  Pack of 12 ",1
502170,"Orange Crush Drink12 oz - Refresco de Naranja  Pack of 6 ",1
501293,"Artribion Vitamin 80 Tabs - Vitaminas para la Artritis  Pack of 12 ",1
502503402,"Ponds Bio-Hydration Cream 200g - Bio-Hidratante Crema (Pack of 2)",1
500556,"Protex Oats Soap 3.75 oz - Jabon de Avena  Pack of 6 ",1
502502710,"Emulsion Scott Cherry - Emulsion Cereza 200 ml (Pack of 1)",1
300409,"Tropical Bananita Drink 12 oz - Refresco de Banana  Pack of 1",1
502300543,"Calcio Dorado Strengthens Bones - Fortalece Los Huesos 10 Ampolletas",1
501575,"Vino Carne Hierro Dietary Supplement 16 oz - Suplemento Vitaminico  Pack of 12 ",1
502503943,"Savile Argan Oil Hair Styling Cream 300ml - Crema para el cabello con aceite de argn (Pack of 1)",1
500119,"Vitacilina 28 grams - Antibiotico en Unguento  Pack of 2 ",1
500708,"Cerevita Corn Drink 10.58 oz - Atole de Maiz (Pack of 1)",1
300274,"Curatos Natur 4 oz",1
500104,"Ocusan Eye Drops 15 cc - Gotas Para los Ojos  Pack of 4 ",1
502503289,"Ponds B3 Aclarant Oily Skin 100 gr - Aclarante Piel Grasa (Pack of 1)",1
300271,"Therfam Magnesium 72 Envelopes - Magnesia",1
502081,"Prodiana Cornbits Lime Snack 4.30 oz - Elotitos con Limon  Pack of 35 ",1
300147,"De La Cruz Gentian Violet - 1 oz",1
502153,"Lemon Crush Drink 12 oz - Refresco de Limon (Pack of 1)",1
300312,"Ina English Sauce 5 oz - Salsa Inglesa",1
502502460,"Incasa Coffee - Cafe Incasa 150 g  Pack of 4 ",1
300378,"Adams Gum 100 x 2 units - Chiclets  Pack of 1",1
502300475,"Milk Candy   Walnuts Gloria - Dulce de leche y nueces Gloria 16.9 Oz",1
300386,"Prodiana Bacorns Snack 2.32 oz -  Tocinitos",1
300013,"Protex Balance Soap 3.9 oz - Jabon de Balance Natural",1
501854,"Malher Hilachas Mix 2.22 oz  Pack of 6 ",1
502502877,"B&B Hot Peppers Mild Spicy 5.8 Oz - Jalapeno Semipicante (Pack of 42)",1
500551,"Protex Balance Soap 3.9 oz - Jabon de Balance Natural  Pack of 6 ",1
300421,"Tiky Pineapple Drink 12 oz - Refresco de Pina",1
502503734,"Xtreme Reaction Black Styling Gel 250g - Reaccin Negro Gel de Peinado (Pack of 3)",1
502300582,"Tropical Bananita - Refresco De Banana 2.5 Lt  Pack of 1",1
300172,"Virogrip Gel 24 Caps Day Time - Capsulas para el Dia  Pack of 1 ",1
300287,"Tortrix Barbecue 0.88 oz Pack of 12 - Barbacoa",1
502502908,"Crispin Biscuit With Chocolate - Galleta Cubierta De Chocolate  Pack of 6 ",1
500672,"Cantonesa Chao Mein 14 oz  Pack of 6 ",1
500008,"Picamas Green Hot Sauce 7.05 oz.  6-Pack ",1
502065,"Prodiana Caramel Corn Snack 5.18 oz - Alboroto  Pack of 6 ",1
502162,"Mirinda Orange Flavor Drink 12 oz - Refresco de Naranja  Pack of 6 ",1
502503364,"Savile Keratin Shampoo 750ml - Savile Karatina Champu  Pack of 2 ",1
300212,"Deportistas Kofal - t Fuerte - External Analgestic Ointment 4oz",1
300159-01,"OTC Neurobion Energy Dietary Supplement 60 Tabs  Pack of 1",1
500747,"Delicias Bamboo Shoots - Delicias Bamboo Shoots 16 oz Pacaya (Pack of 1)",1
502269,"Ducal Refried Black Beans 14.1 oz Frijoles Negros Volteados  10 pack ",1
500611,"Palmolive Cool Mint   Eucalypyus Soap 6.34 oz - Jabon de Menta Y Eucalipto  Pack of 18 ",1
300130,"Sophia Chamomile Eye Drops 0.50 oz fl - Gotas Para los Ojos de Manzanilla  Pack of 1",1
300440-01,"Tropiking Aloe Vera Drink 16.9 oz  Pack of 1",1
502502774,"Ducal Black Beans 10.5 Oz - Frijoles Negros (Pack of 24)",1
502252,"Picamas Hot Sauce Jumbo 19oz  Pack of 2 Bottles ",1
502503796,"Maya-IK Cobanero Pepper Hot Sauce 5.45iz - Salsa de Chile Cobanero  Pack of 6 ",1
502503403,"Ponds Moisturizing S Cream 200g - Crema S Humectante (Pack of 1)",1
500092,"DUCAL BEAN REFRIED BLACK  15 OZ",1
500545,"Protex Fresh Soap 3.75 oz - Jabon de Frescura Natural  Pack of 24 ",1
300348,"Malher Tomato-Beef Bouillon 7oz - Consome  de Tomate y Res",1
500684,"Castilla Pineapple Flavor Concentrate 8.6 fl oz - Esencia de Pina  Pack of 12 ",1
500595,"Asepxia soap - Natural 4oz. - Asepxia Soap Neutral 4 oz (Pack of 6)",1
500289,"La Sirena Sardine Hot Tomate Sauce Oval 15 oz - Sardina Ovalada Picante  Pack of 24 ",1
300354,"Malher Chicken Bouillon 16 oz - Consome de Pollo",1
501360,"Artrifin Vitamin 80 Tabs - Vitaminas para la Artritis  Pack of 6 ",1
502503249,"Nivea Moisturizing Cream 100ml - Crema Hidratante (Pack of 2)",1
300415,"Mineral Water Drink 12 oz - Agua Mineral  Pack of 1",1
502503453,"Emulsion Scott Cherry - Emulsion Cereza 200 ml (Pack of 4)",1
300092,"Mi Guatemala Annatto Condiment Paste 16 oz - Achiote",1
500161,"OTC Neurobion Energy Dietary Supplement 60 Tabs - Suplemento Multivitaminico  Pack of 3 ",1
502503327,"Ponds Night Rejuveness 100 gr - Rejuveness Nocturna (Pack of 1)",1
300009,"Aguacatina Avocado Oil 2 oz - Aceite de Aguacate",1
501112,"OTC Neurobion Energy Dietary Supplement 60 Tabs  Pack of 6 ",1
502503823,"B&B Soy Sauce 5.36oz - Salsa Soya (Pack of 3)",1
300199,"Pentrexcilina Cold Relief Syrup 4 oz - Jarabe antigripal",1
501086,"Dr. Bells Pomade 1.2 oz - Pomada de La Campana  Pack of 12 ",1
502503952,"Protex Complete 12 Bar Soap - Jabon Completo 12 (Pack of 12)",1
500897,"Ducal Red Beans 5.5 oz - Frijol Rojo  Pack of 24 ",1
300141,"SanaSana Ointment - Unguento  Pack of 1",1
300328,"La Sirena Pica Poco Sardine 5.5 oz - Sardina",1
502503371,"Palmolive Extra Intense Conditioning 2in1 Shampoo 1L - Palmolive Acondicionamiento Extra Intensivo 2",1
502503814,"B B Picamas Green Hot Sauce 16oz - Salsa Picante Verde  Pack of 18 ",1
300081,"Mi Guatemala Pumpkin Seed 12 oz",1
300398,"Picnic Strawberry Cookies 10.5 oz - Galletas de Fresa  Pack of 1",1
502502734,"DLC Sodium Bicarbonate - Bicarbonato De Sodio 4 Oz  Pack of 6 ",1
500309,"Malher Chicken Bouillon 32 oz - Consome de Pollo  Pack of 1 ",1
502503290,"Ponds B3 Aclarant Oily Skin 100 gr - Aclarante Piel Grasa (Pack of 6)",1
300087,"Mi Guatemala Ground Oatmeal 12 oz - Avena Molida  Pack of 1",1
500209,"6pk - Rattlesnake Oil Soap - Acne",1
502057,"Prodiana Japanese Peanuts 4.6 oz - Mani Japones  Pack of 6 ",1
502503629,"Gorilla Punk Snot Gel 340g - Gel Punk Moco de Gorilla (Pack of 2)",1
502300577,"Chicles Clorets Blue - Clorets Azul 60 x 2 Pastillas  Pack of 1",1
502503800,"Maya-IK Cobanero Pepper Hot Sauce 5.45iz - Salsa de Chile Cobanero  Pack of 3 ",1
300346,"Malher Shrimp Buillion 0.35 oz - Consome De Camaron",1
500906,"Ducal Refried Black Beans 8 oz - Frijoles Negros Refritos  Pack of 18 ",1
423116360,"GD Molcajete Mexican Mortar and Pestle 8.5 in - Handmade (Pack of 1)",1
502502523,"Penicilina For Wounds And Bites - Para Heridas Y Picaduras 0.45 Oz  Pack of 6 ",1
500608,"Asepxia Soap Neutral  white  3.52 oz - Jabon Natural Blanco  Pack of 6 ",1
300155,"Belmora AnaDent Pain Reliever Fever Reducer 24 Tabs - Pastillas para el Dolor y la Fiebre",1
500989,"Sukrol Vigor Women 30 Tabs - tabletas Multivitaminicas para la Mujer  Pack of 6 ",1
502503370,"Palmolive Extra Intense Conditioning 2in1 Shampoo 1L - Palmolive Acondicionamiento Extra Intensivo 2",1
500003,"B B Picamas Red Hot sauce 7.5 oz - Salsa Roja picante  Pack of 8 ",1
300128,"Sukrol Vigor For Men Dietary Supplement With Vitamin E 30 Tablets... mtc",1
300159-06,"OTC Neurobion Energy Dietary Supplement 60 Tabs  Pack of 6",1
502503961,"Vicks Vapor Rub 100g - VapoRub (Pack of 6)",1
500168,"Picot Antacid  Sodium Bicarbonate   Citric Acid  3 Pack of 12 Packets",1
300127,"XL3 Cold Medicine 20 units - Antigripal  Pack of 1 ",1
300370-06,"Naturas Red Beans 14.1 oz  Pack of 6",1
501811,"La Sirena Pica Pica Sardine 15 oz - Sardina (Pack of 12)",1
500281,"Incaparina Hot Cereal 15.9oz 6 Pack",1
501799,"La Sirena Pica Lime Sardine 5.5 oz - Sardina Sabor Limon  Pack of 5 ",1
300213,"Kofal T Original Blue Analgesic 4 oz - Analgesico Azul  Pack of 1",1
500926,"Ducal Refried Black Beans 15 oz - Frijoles Negros Refritos  Pack of 6 ",1
501937,"Mayte Sweet Plantain Chips 3 oz  Pack of 6 ",1
500615,"Palmolive Neutro Balance Soap 6.34 oz - Jabon Balance Natural  Pack of 12 ",1
500544,"Protex Fresh Soap 3.75 oz - Jabon de Frescura Natural  Pack of 18 ",1
300191,"Sudagrip Cold Relief 100 Caps - Antigripal en Capsulas",1
500676,"Castilla Cream Flavor Concentrate 8.6 fl oz - Esencia de Crema  Pack of 24 ",1
500075,"Ducal Refried Black Beans 8 oz - Frijoles Negros Refritos",1
502300473,"Banderita Coconut Candy - Dulce De Coco 3.5 Oz 12 Units  Pack of 1 ",1
502502461,"Incasa Coffee - Cafe Incasa 150 g  Pack of 6 ",1
502300740,"B B Jamaica Flower Concentrate 23oz - Rosa de Jamaica  Pack of 1 ",1
500093,"Ducal Refried Black Bean  29 oz",1
300078,"Mi Guatemala Champurradas 8 oz  Pack of 1",1
501310,"Kofal T Original Blue Analgesic 4 oz - Analgesico Azul  Pack of 12 ",1
500512,"B B Picamas Green Hot sauce 19 oz - Salsa verde picante  Pack of 12 ",1
502503386,"Ponds Moisturizing S Cream 100g - S Crema Humectante (Pack of 1)",1
300379,"Pozuelo Maria Bag Cookies 8.9 oz - Galletas  Pack of 1",1
500187,"Dr. Bells Pomade 2.6 oz Pomada de La Campana  Pack of 12 ",1
502503784,"Rue Water Cologne 7oz - Agua de Ruda Colonia (Pack of 3)",1
300259,"BroncoMiel Syrup 8 oz - Jarabe con Miel",1
500994,"Gradonerma Ointment - Unguento  Pack of 1 ",1
502503510,"Sedal Hair Growth Shampoo 340ml - Sedal Crecimiento Fortificado Champu (Pack of 1)",1
502503392,"Ponds Bio-Hydration Cream 100g - Bio-Hidratante Crema  Pack of 3 ",1
300096,"Mi Guatemala Dry Black Beans 32 oz - Frijoles Negros",1
500029,"6pk - Concha Nacar de Perlop - 2 - Night Cream",1
300234,"Scott s Emulsion Cod Liver Oil - Orange Flavor for Kids  200 Ml",1
501846,"Malher Seasoning-Saborin 0.17 oz - Sazonador  Pack of 16 ",1
300014,"Protex Oats Soap 3.75 oz - Jabon de Avena",1
300164-03,"Dr. Bells Pomade 2.6 oz Pomada de La Campana  Pack of 3",1
502503115,"Grace animal ice vanilla cookie 1 oz  6 Cookies  - Galleta de Vainilla  Pack of 3 ",1
500082,"Ducal Ducal Blk Beans Doy Pack 14.1 oz  Pack Of 24 ",1
502503867,"Buenacho Jalapeno Flavored tortilla chips 5.7oz - tortillas de maiz con sabor a jalapeo (Pack of 1",1
300040,"Cantonesa Chao Mein 14 oz  Pack of 1",1
502503117,"Grace animal ice vanilla cookie 1 oz  6 Cookies  - Galleta de Vainilla  Pack of 6 ",1
502114,"Tropical Bananita 16 oz - Refresco de Banana  Pack of 6",1
502503740,"Xtreme Reaction Clear Styling Gel 250g - Reaccion Transparente Gel de Peinado (Pack of 3)",1
502300552,"Ana-Dent For Dental Pain - Para Dolor Dental 100 Tabs  Pack of 1",1
500656,"De mi Pais Coconut Water 16.4 oz - Agua de Coco  Pack of 6 ",1
300288,"Tortrix Spicy  0.88 oz Pack of 12 - Picante",1
502502607,"Ovaricon Controls Menstrual Problems - Controla los Problemas Menstruales 10 Ampolletas  Pack of 6 ",1
695138858,"Clorets Gum 60 x 2 units - Chicles (Pack of 6)",1
500079,"Ducal Black Beans Bag 14.1 oz - Frijol Negro Bolsa  Pack of 4 ",1
500570,"Protex Omega 3 Soap 3.75 oz - Jabon con Omega 3  Pack of 24 ",1
500725,"Del Frutal Peach Nectar 11.16 oz - Sabor Melocoton  Pack of 12 ",1
502503516,"Sedal Ceramidas Shampoo 340ml - Sedal Ceramidas Champu (Pack of 1)",1
502502524,"Penicilina For Wounds And Bites - Para Heridas Y Picaduras 0.45 Oz  Pack of 12 ",1
500662,"Cantonesa Chao Mein 7 oz  Pack of 6 ",1
300221,"Tabcin Purple Cold Relief 60 Tablets - Anti Gripal Morado  Pack of 1",1
300260-06,"Bedoyecta Adult 30 Caps  Pack of 6",1
500723,"Del Frutal Pineapple Nectar 11.16 oz - Sabor Pina  Pack of 6 ",1
500687,"Castilla Pineapple Flavor Concentrate 8.6 fl oz - Esencia de Pina  Pack of 6 ",1
500779,"Diana Corn Sticks 0.53 oz  Pack of 12  - Palitos  Pack of 4 ",1
300330,"Lido Coconut Margarita Cookies 10.44oz - Galletas  de Coco",1
502503760,"Ricitos de Oro Hypoallergenic Chamomile Baby Shampoo 400ml - Ricitos de Oro Manzanilla Champu  Pack",1
502300483,"Milk Candy Bar - Dulce De Jamoncillo 3.5 Oz 12 Units  Pack of 1 ",1
502503222,"Obao Mens Fresh Scent Deodorant Spray 150ml - Desodorante Aerosol para Hombre de Aroma Fresco  Pack",1
300069,"Diana Hot Curl 0.67 oz - Maiz Chino Picante",1
500616,"Palmolive Neutro Balance Soap 6.34 oz - Jabon Balance Natural  Pack of 18 ",1
502502362,"Tropical Bananita - Refresco De Banana 2.5 Lt  Pack of 4 ",1
502300563,"Neumonil Forte For Flu Symptoms - Para Sintomas De La Gripe 100 Tab",1
500559,"Protex Aloe Soap 3.75 oz - Jabon de Savila  Pack of 18 ",1
500905,"Ducal Refried Black Beans 8 oz - Frijoles Negros Refritos  Pack of 12 ",1
300390,"Prodiana Cheesteen Snack 4.40 oz - Quesitos  Pack of 1 ",1
300120,"Promex Ampitrexyl Natural Antibiotic 30 caps - Antibiotico Natural  Pack of 1",1
500169,"Picot Antacid 0.17 oz  Pack of 12  - Sal de Uvas Antiacido  Pack of 3 ",1
502503626,"Gorilla Punk Snot Gel 340g - Gel Punk Moco de Gorilla (Pack of 4)",1
502504477,"Mi Guatemala Annatto Seasoning Paste 16oz - Adobo de Achiote (Pack of 3)",1
300029,"Palmolive Oats and Sugar Soap 6.34 oz - Jabon de Avena y Azucar  Pack of 1",1
501777,"Protemas Soy Protein 4.2 oz - Proteina de Soya  Pack of 9 ",1
501108,"OTC Neurobion Dietary Supplement 50 units - Suplemento Multivitaminico  Pack of 6 ",1
300011,"Aguacatina Avocado Oil 4 oz - Aceite de Aguacate",1
500682,"Castilla Strawberry Flavor Concentrate 8.6 fl oz - Esencia de Fresa  Pack of 6 ",1
500524,"ByB Orgeat Concentrate 22.9 oz - Concentrado de Horchata (Pack of 6)",1
300404,"San Enrique Lima Bean Atole 16 oz - Atol de Haba  Pack of 1",1
502502631,"Vital Fuerte   Sukrol - Combate El Estres Fisico Y",1
502503635,"Gorilla Gallant Snot Gel 340g - Gel Galan Moco de Gorilla (Pack of 1)",1
300176,"Panadol Extra Strenght Pain Reliever 100 Tabs - Calmante del Dolor Extra Fuerte",1
500677,"Castilla Cream Flavor Concentrate 8.6 fl oz - Esencia de Crema  Pack of 6 ",1
300210,"Komilon Appetite supplement Kids Syrup 4 oz",1
502503624,"Gorilla Gallant Snot Gel 270g - Gel Galan Moco de Gorilla (Pack of 2)",1
502503343,"Savile Argan Oil Shampoo 750ml - Savile Aceite de Argan Champu  Pack of 3 ",1
300003,"Picamas Salsa Brava Hot Green Sauce 7.05oz",1
300074,"Diana Caramel Corn 1.2 oz  Pack of 12  - Alboroto  Pack of 1",1
502503797,"Maya-IK Cobanero Pepper Hot Sauce 5.45iz - Salsa de Chile Cobanero  Pack of 12 ",1
300211,"Zorritone Syrup 4.0 OZ",1
300338,"Malher Stewed Meat Mix 2.29 oz - Carne Guisada  Pack of 1 ",1
502503505,"Sedal Perfect Smoothness Shampoo 340ml - Sedal Liso Perfecto Champu  Pack of 4 ",1
300119,"Bayer Aspirine Kids 100 Tabs - Aspirina para Ninos  Pack of 1",1
500640,"Aguacatina Avocado Oil 8 oz - Aceite de Aguacate.  Pack of 6 ",1
500698,"Castilla Yolk Concentrate 8.6 fl oz - Solucion de Yema (Pack of 1)",1
300061,"Monterrico Bamboo Shoots in brine 16 oz - Pacaya en Salmuera  Pack of 1",1
502503492,"Caprice Special Fall Control Shampoo 800ml - Extracto de Mamey y Arginina Control Caida Champu  Pack",1
300145,"Angidol Sore Throat Relief Chery Flavor 12 Units - Alivia Para Dolor de Garganta  Pack of 1 ",1
502503376,"Ponds Dark Spot Correcting Cream 400g - Crema Corrector de Manchas Oscuras (Pack of 6)",1
501460,"Lainez Rabano Yodado The Original Dietary Supplement 8 oz - Suplemento Nutricional  Pack of 6 ",1
500649,"De mi Pais Coconut Water 10.5 oz - Agua de Coco  Pack of 12 ",1
501623,"TorTrix Crujito Snack 1.25 oz  Pack of 12 ",1
543023779,"Quaker Ground Oats 10.9 oz - Avena Molida (Pack of 1)",1
test2520,test25,1
502503211,"Obao Mens Active Deodorant Spray 150ml - Desodorante Activo Aerosol para Hombre  Pack of 6 ",1
500568,"Protex Omega 3 Soap 3.75 oz - Jabon con Omega 3  Pack of 12 ",1
502503306,"Ponds B3 Aclarant Dry Skin 100 gr - Aclarante Piel Seca (Pack of 1)",1
500555,"Protex Oats Soap 3.75 oz - Jabon de Avena  Pack of 24 ",1
502300503,"DLC Sodium Bicarbonate - Bicarbonato De Sodio 4 Oz (Pack of 1)",1
300206-06,"Vital Fuerte Regular Dietary Supplement 100 Caps  Pack of 6",1
501746,"Ina English Sauce 5 oz - Salsa Inglesa (Pack of 36)",1
300432,"Yus Horchata Powder Drink 12.7 oz - Agua fresca sabor a Horchata  Pack of 1",1
500918,"Ducal Red Beans Bag 14.1 oz - Frijol Rojo Bolsa  Pack of 6 ",1
300170,"Rude   Gliceryn Soap 3.3 oz - Jabon de Ruda y Glicerina  Pack of 1",1
300128-01,"Sukrol Vigor Dietary Supplement 30 Tabs  Pack of 1",1
502503923,"Goya Black Beans 15.5oz - Frijoles Negros (Pack of 3)",1
500100,"Sedalmex Pain Reliever 20 tabs - Pastillas para el Dolor  Pack of 6 ",1
501506,"BroncoMiel Syrup 8 oz - Jarabe con Miel  Pack of 12 ",1
300178,"Jaloma Sweet Oil With Olive 4 oz - Aceite Suavizante Con Olivo",1
500044,"Asepxia Soap Moisturizing  purple  3.53 oz Jabon Humectante Morado  Pack of 2 ",1
502503774,"Goicoechea Orange Peel Reducing Lotion 400ml - Reduciendo piel de naranja locion (Pack of 2)",1
502502347,"Totis Lemon-Salt Snacks - Donitas Sal Y Limon 1.76 Oz  Pack of 4 ",1
500090,"Ducal Refried Black Beans  15oz - 2 Pack",1
300283,"Lice Comb 12 Units - Peine Fino Para Piojo  Pack of 1",1
502502531,"Buscapina Compositum - Bucapina Compuesta  24 tab   Pack of 10 ",1
502502711,"Emulsion Scott Cherry - Emulsion Cereza 200 ml (Pack of 6)",1
502300472,"Alfajor Cocunut Candy - Dulce De Coco 3.5 Oz 12 Units  Pack of 1 ",1
501886,"Malher Shrimp Bouillon 0.35 oz - Consome de Camaron  Pack of 8 ",1
300148,"De La Cruz Purgasol Vegetable Laxative 60 Tabs - Laxante Vegetal  Pack of 1",1
500510,"B B Picamas Green Hot sauce 7.05 oz - Salsa verde picante  Pack of 12 ",1
502503786,"Rue Water Cologne 7oz - Agua de Ruda Colonia (Pack of 9)",1
501941,"Melher Chocomelher Cholocate Flavored Coating 15.52 oz  Pack of 6 ",1
502503610,"Gorilla Punk Snot Gel 270g - Gel Punk Moco de Gorilla (Pack of 1)",1
502173,"Tiky Pineapple Drink 20 oz - Refresco de Pina  Pack of 6 ",1
500546,"Protex Fresh Soap 3.75 oz - Jabon de Frescura Natural  Pack of 6 ",1
500742,"Delicias Yellow Cherry 16 oz - Delicias Yellow Cherry 16 oz Nance en Almibar (Pack of 1)",1
300080,"Mi Guatemala Toasted Lima Bean 12 oz - Haba Tostada  Pack of 1",1
500204,"DLC Avocado Oil 2 oz - Aceite de Aguacate  Pack of 6 ",1
300042,"Castilla Strawberry Flavor Concentrate 8.6 fl oz - Esencia de Fresa  Pack of 1",1
501151,"Rude   Gliceryn Soap 3.3 oz - Jabon de Ruda y Glicerina  Pack of 12 ",1
300396,"Prodiana Corn Stick Snack 5.89 oz - Palitos  Pack of 1",1
502503373,"Palmolive Extra Intense Conditioning 2in1 Shampoo 1L - Palmolive Acondicionamiento Extra Intensivo 2",1
300021,"Asepxia Moisturizing Soap 3.53 oz - Jabon Humectante",1
300362,"Naturas Tomato Sauce 8.0 oz - Salsa De Tomate",1
502300665,"Obao Womens Bamboo Deodorant Spray 150ml - Desodorante Bamb   Aerosol para Mujer  Pack of 1 ",1
300318,"Incaparina Hot Cereal  16 Ounce",1
502503832,"Adrenaline Rush Energy Drink 16oz - Adrenalina bebida energizante  Pack of 6 ",1
300196,"Donovan Werke Dolotetravit Plus Analgesic 10 Tabs - Analgesico  Pack of 1",1
300272,"Broncolito Syrup 8 oz - Jarabe con Miel  Pack of 1",1
502503484,"Caprice Curl Defining Shampoo with Keratin  Collagen  and Aloe Vera 800ml - Rizos Definidos Champu c",1
500002,"Picamas Red Hot Sauce 7.05 oz.  4-Pack ",1
502503656,"Hinds Inspiration Dry Skin Lotion 230ml - Inspiracion Piel Seca Locion (Pack of 2)",1
300160,"Bedoyecta Kids Dietary Suplement 50 Tab - Suplemento Multivitaminico para Ninos  Pack of 1",1
502503207,"Obao Womens Sensitive Angel Spray Deodorant 150ml - Desodorante Angel Aerosol para Mujer  Pack of 1",1
300220,"Nervidoce Multivitamin 4 oz fl Envelopes.- Multivitaminico  Pack of 1",1
502503374,"Ponds Dark Spot Correcting Cream 400g - Crema Corrector de Manchas Oscuras (Pack of 1)",1
501993,"Adams Gum 100 x 2 units - Chiclets  Pack of 6 ",1
502503948,"Savile Biotin Hair Styling Cream 300ml - Crema para el cabello biotina  Pack of 3 ",1
300239,"Tabcin Red Cold Relief 64 Tablets - Anti Gripal Rojo",1
502502459,"Incasa Coffee - Cafe Incasa 150 g  Pack of 2 ",1
502502873,"B&B Hot Peppers Mild Spicy 5.8 Oz - Jalapeno Semipicante (Pack of 18)",1
502503346,"Savile Argan Oil Shampoo 750ml - Savile Aceite de Argan Champu  Pack of 2 ",1
300167,"Flanax Pain Relief Cream 2.3 Oz",1
502300480,"Sweet Yellow Coconut - Cocada Amarilla 3.5 Oz 12 units  Pack of 1 ",1
502504457,"Mi Guatemala Ground Oatmeal 12oz - Harina de Avena Molida (Pack of 3)",1
500183,"La Campana 2.6oz. 3-Pack",1
502300469,"Bijol Coloring And Seasoning 3.53 Oz - Colorante y Sazonador en Bote  Pack of 1 ",1
300159-03,"OTC Neurobion Energy Dietary Supplement 60 Tabs  Pack of 3",1
502300778,"Protex Complete 12 Bar Soap - Jabon Completo 12",1
300324,"La Sirena Pica Poco Sardine 15 oz - Sardina  Pack of 1 ",1
501864,"Malher Suave Rico Seasoning 0.4 oz - Sazonador  Pack of 8 ",1
300043-06,"Castilla Pineapple Flavor Concentrate 8.6 fl oz  Pack of 6",1
502503515,"Sedal Hair Growth Shampoo 340ml - Sedal Crecimiento Fortificado Champu (Pack of 6)",1
500515,"B B Picamas Green Hot sauce 19 oz - Salsa verde picante  Pack of 6 ",1
502502604,"Poder Visual Cerebral Vitamins For The Eyes - Vita",1
300292,"Tortillita Senorial Snack 0.52 oz  Pack of 1",1
500166,"Picot Antacid 0.17 oz  Pack of 12  - Sal de Uvas Antiacido  Pack of 2 ",1
300430,"Yus Tamarind Powder Drink 12.7 oz - Agua fresca sabor a Tamarindo",1
501963,"Natura s Red Beans 14.1 oz - Frijol Rojo  Pack of 6 ",1
502503928,"Hinds Natural Dry Skin Lotion 400ml - Natural Piel Seca Locion  Pack of 3 ",1
300122,"Colirio Ocusan Redness Relief Eye Drops",1
500054,"Asepxia Soap Neutral  white  3.52 oz - Jabon Natural Blanco  Pack of 3 ",1
500925,"Ducal Refried Black Beans 15 oz - Frijoles Negros Refritos  Pack of 18 ",1
501925,"Malher Chicken Bouillon 16 oz - Consome de Pollo  Pack of 6 ",1
502300570,"Malher Full Sazon - Sazon Completa 12 Units  Pack of 1 ",1
300249,"Calmadol Pain Reliever 100 envelopes - Calmante en Sobres  Pack of 1",1
501872,"Malher Pepian Mix 2.82 oz -  Pack of 12 ",1
502503613,"Gorilla Punk Snot Gel 270g - Gel Punk Moco de Gorilla  Pack of 12 ",1
500279,"Incaparina Hot Cereal  16 Ounce",1
502503960,"Vicks Vapor Rub 100g - VapoRub (Pack of 1)",1
500086,"Ducal Refried Beans  Red 15 Oz  Pack of 3 ",1
500882,"Ducal Peach Juice 5.3 oz fl - Jugo de Melocoton  Pack of 24 ",1
502502383,"Coca Cola Drink - Coca Cola Medio Litro 16 Onz (Pack of 4)",1
300083,"Mi Guatemala Lima Bean Atole 12 oz - Atol de Haba  Pack of 1",1
500332,"Pozuelo Chiky Chocolate Cookies  16.9 Ounce  Pack of 12 ",1
502502741,"DCL Rosemary Oil - Aceite De Romero 2 Oz (Pack of 5)",1
300118,"Pentrexilina Cold Relief 12 tabs - Antigripal",1
501251,"Donovan Werke Dolotetravit Plus Analgesic 10 Tabs - Analgesico  Pack of 10 ",1
502503735,"Xtreme Reaction Black Styling Gel 250g - Reaccin Negro Gel de Peinado (Pack of 6)",1
300399,"Picnic Vanilla Cookies 10.5oz - Galletas de Vainilla  Pack of 1",1
500914,"Ducal Black Beans Bag 14.1 oz - Frijol Negro Bolsa  Pack of 18 ",1
300023,"Asepxia Neutral Cleansing Bar",1
502503825,"B&B Worcestershire Sauce 5.36oz - Salsa Inglesa (Pack of 6)",1
300285,"Neurobion 50 Mil Multivitamin Vials 10 Units - Multivitaminico en Ampollas",1
502503416,"Ponds Cleansing Cream 95g - Crema C de Limpieza  Pack of 3 ",1
502503779,"Florida Water Cologne 7.5oz - Agua Florida Colonia  Pack of 6 ",1
300291,"Tortilla Senorial  Snack 3.5 oz  Pack of 12    Pack of 1",1
502503641,"Gorilla Sport Snot Gel 340g - Gel deportivo Moco de Gorilla  Pack of 4 ",1
501992,"Adams Gum 100 x 2 units - Chiclets  Pack of 24 ",1
502503967,"Racor Dry Red Beans 32oz - Frijoles Rojo de Seda (Pack of 3)",1
300447,"Mayaland Dark Roast Ground Coffee 12 oz AZUL and ROJO - Cafe AZUL y ROJO  Pack of 2",1
502503782,"Florida Water Cologne 7.5oz - Agua Florida Colonia  Pack of 2 ",1
300394,"Prodiana Cornbits Hot Snack 4.30 oz - Elotitos Picante  Pack of 1 ",1
502503474,"Caprice Apple Shampoo 800ml - Champu de Manzana (Pack of 2)",1
502502527,"Buscapina Compositum - Bucapina Compuesta  24 tab   Pack of 2 ",1
502503829,"B B Worcestershire Sauce 5.36oz - Salsa Inglesa  Pack of 3 ",1
300005,"B B Orgeat with Coconut Concentrate 22.9 oz - Concentrado de Horchata y Coco",1
501956,"Natura s Ranchera Sauce 8.0 oz - Salsa  Pack of 6 ",1
300084,"Mi Guatemala Rice with Chocolate 12 oz (Pack of 1)",1
12345,test,1
502503606,"Gorilla Sport Snot Gel 270g - Gel deportivo Moco de Gorilla  Pack of 4 ",1
501300,"Komilon Syrup Dietary Supplement 4.05 oz - Suplemento Multivitaminico  Pack of 6 ",1
502503919,"Goya Black Beans 15.5oz - Frijoles Negros (Pack of 6)",1
500076,"Ducal Ducal Blk Beans Refried 8 oz  Pack Of 48 ",1
502503790,"B B Jamaica Flower Concentrate 23oz - Rosa de Jamaica  Pack of 3 ",1
300261,"Vital Fuerte Liquid Shot Multivitamin   Mineral Supplement 10 units of 15 ml. - Suplemento Multivita",1
300105-06,"Ducal Refried Black Beans 8 oz  Pack of 6",1
502250,"Picamas Green Hot Sauce 7.05 oz.  12-Pack ",1
501296,"Artribion Vitamin 80 Tabs - Vitaminas para la Artritis  Pack of 6 ",1
300347,"Malher Chicken Bouillon 0.42 oz - Consome de Pollo  Pack of 1",1
300289-01,"Tortrix  Lemon 0.88 oz  Pack of 12   Pack of 1",1
500603,"Asepxia Soap Forte 4 oz - Jabon Fuerte (Pack of 24)",1
500528,"Palmolive Brillantine 1.75 oz - Brillantina  Pack of 6 ",1
502300752,"Del Frutal Peach Nectar Concentrate 1000ml - Concentrado de jugo de melocoton  Pack of 1 ",1
300112,"Ducal Refried Black Beans  29 oz.",1
500553,"Protex Oats Soap 3.75 oz - Jabon de Avena  Pack of 12 ",1
502503593,"Odolex Fresh Scent Deodorizing Powder 300g - Talco Desodorante Aroma Fresco (Pack of 2)",1
500132,"Tincture Of Merthiolate 1 oz.  3-Pack ",1
502300573,"Dely-Gely Fruit Jelly - Gelatina De Frutas 25 Units",1
502502909,"Crispin Biscuit With Chocolate - Galleta Cubierta De Chocolate  Pack of 12 ",1
500523,"B B Orgeat Concentrate 29 oz - Concentrado de Horchata  Pack of 12 ",1
501892,"Malher Chicken Bouillon 0.42 oz - Consome de Pollo  Pack of 8 ",1
300246,"Creci 12 Dietary Supplement Syrup 8.11 oz fl - Suplemento Multivitaminico en Jarabe",1
500550,"Protex Balance Soap 3.9 oz - Jabon de Balance Natural  Pack of 24 ",1
500130,"DLC Merthodol 1 oz - Merthiolate  Pack of 2 ",1
502502712,"Emulsion Scott Cherry - Emulsion Cereza 200 ml (Pack of 12)",1
500548,"Protex Balance Soap 3.9 oz - Jabon de Balance Natural  Pack of 12 ",1
501297,"Komilon Syrup Dietary Supplement 4.05 oz - Suplemento Multivitaminico  Pack of 12 ",1
502502865,"Bijol Coloring And Seasoning 3.53 Oz - Colorante y Sazonador en Bote (Pack of 1)",1
500917,"Ducal Red Beans Bag 14.1 oz - Frijol Rojo Bolsa (Pack of 18)",1
500509,"B B Picamas Red Hot sauce 7.5 oz - Salsa Roja picante  Pack of 6 ",1
500542,"Protex Fresh Soap 3.9 oz - Jabon de Frescura Natural (Pack of 1)",1
502300565,"Sani Renal Urinary Analgesic - Analgesico Urinario 100 Tab",1
300384,"Prodiana Corn Curl Snack 1.83 oz - Churritos  Pack of 1",1
502503296,"Bijol Coloring And Seasoning 1 x 100 envelopes - Bijol En Sobre (Pack of 2)",1
501020,"Kura Kura Ointment -  Unguento  Pack of 12 ",1
501137,"Flanax Lozenges Cough Relief 20 Units - Alivio para la tos  Pack of 6 ",1
502503833,"Adrenaline Rush Energy Drink 16oz - Adrenalina bebida energizante  Pack of 12 ",1
1253FBA,"Picamas Hot Sauce & Salsa Brava 7.05 oz. from Guatemala (2 Pack)",1
500341,"Diana Tortilla Chips  Jalapeno  4.12 Ounce  Pack of 24 ",1
502503920,"Goya Black Beans 15.5oz - Frijoles Negros (Pack of 12)",1
300094,"Mi Guatemala Black Kidney Beans 2 Lb - Frijol Piloy Negro  Pack of 1",1
500078,"Ducal Black Beans Bag 14.1 oz - Frijol Negro Bolsa",1
500095,"Ducal Refried Red Beans 29 oz - Frijoles Rojos Refritos  Pack of 12 ",1
502504459,"Mi Guatemala Ground Oatmeal 12oz - Harina de Avena Molida (Pack of 9)",1
500282,"Incaparina Corn   Soy Cereal 15.9 oz - Cereal de Maiz y Soya  Pack of 10 ",1
502503834,"Adrenaline Rush Energy Drink 16oz - Adrenalina bebida energizante  Pack of 9 ",1
501791,"La Sirena Pica Pica Sardine 5.5 oz - Sardina  Pack of 10 ",1
502090,"Quaker Ground Oats 10.9 oz - Avena Molida (Pack of 20)",1
502266,"Ducal Bean Refried Black 15 Oz  Pack of 24 ",1
502502361,"Tropical Bananita - Refresco De Banana 2.5 Lt  Pack of 2 ",1
502503783,"Rue Water Cologne 7oz - Agua de Ruda Colonia (Pack of 1)",1
502300477,"Soft Caramel Spread - Dulce De Cajeta En Madera 9 Oz  Pack of 1 ",1
502503633,"Gorilla Rocker Snot Gel 340g - Gel Rockero Moco de Gorilla  Pack of 12 ",1
300210-06,"Komilon Syrup Dietary Supplement  4.05 oz  Pack of 6",1
502502933,"Carbon Del Sur - Hardwood Lump Charcoal  18 lbs   Pack of 2 ",1
502300529,"Dolo Neurobion Oro Reconstituting The Brain And Nerves - Ayuda Al Cerebro Y Nervios 10 Ampolletas",1
300129-01,"Sukrol Vigor Women 30 Tabs  Pack of 1",1
500601,"Asepxia Soap Forte 4 oz - Jabon Fuerte (Pack of 12)",1
502300758,"Bronco Liptos Honey Syrup 8.11oz - Jarabe de Miel  Pack of 1 ",1
300033,"Aguacatina Avocado Oil 8 oz - Aceite de Aguacate.  Pack of 1",1
300448,"Mayaland Dark Roast Ground Coffee 12 oz AZUL - Cafe AZUL  Pack of 2 ",1
502503397,"Ponds Bio-Hydration Cream 200g - Bio-Hidratante Crema (Pack of 1)",1
502154,"Lemon Crush Drink 12 oz - Refresco de Limon  Pack of 12 ",1
502503891,"Bronco Liptos Honey Syrup 8.11oz - Jarabe de Miel  Pack of 12 ",1
300265,"Flanax Anti acid Liquid 12 oz - Liquido Anti Acido.  Pack of 1",1
501120,"Sukrol Regular Dietary Supplement 100 Tabs  Pack of 12 ",1
500155,"Dr. Bells Pomade 1.2 oz - Pomada de La Campana  Pack of 2 ",1
502222,"Ya Esta Chicken Rotisserie 3.5 oz - Rostizador de Pollo  Pack of 12 ",1
500334,"Pozuelo Chiky 16.9 Oz 6-pack  Vanilla ",1
500907,"Ducal Refried Black Beans 8 oz - Frijoles Negros Refritos  Pack of 24 ",1
502181,"Yus Guanabana Powder Drink 12.7 oz - Agua fresca sabor a Guanabana  Pack of 12 ",1
500617,"Palmolive Neutro Balance Soap 6.34 oz - Jabon Balance Natural  Pack of 24 ",1
502503446,"Antigungal Cream - Cura Hongos Crema 20 g (Pack of 2)",1
300231,"Dorada Cats Claw Vials 10 Units - Una de Gato  Pack of 1",1
500647,"Campero Tomato Sauce 14 oz - Salsa de Tomate  Pack of 6 ",1
502503947,"Savile Biotin Hair Styling Cream 300ml - Crema para el cabello biotina (Pack of 1)",1
300308,"Ina Shell Noodle 7.05 oz - Caracol",1
500554,"Protex Oats Soap 3.75 oz - Jabon de Avena  Pack of 18 ",1
502503619,"Gorilla Rocker Snot Gel 270g - Gel Rockero Moco de Gorilla (Pack of 2)",1
502503358,"Savile Healthy Growth  Chili Extract Shampoo 750ml - Savile Chile Crecimiento Champu  Pack of 2 ",1
502503448,"DCL Rosemary Oil - Aceite De Romero 2 Oz (Pack of 2)",1
300344,"Malher Chicken-Pasta Soup 2.1 oz - Sopa de Pollo-Fideo  Pack of 1",1
502256,"Snack Boquitas Diana  Quesitos 172g",1
502300486,"Castilla Coconut Flavoring - Sabor A Coco 8.6 oz  Pack of 1 ",1
300034,"Sanborns Water Orange Blossom Cologne 6.83 oz  Pack of 1",1
1528FBA,"Chiltepe Hot Sauce Mi Guatemala 8 Ounces",1
501822,"Lido Margarita Cookies 6.7 oz - Galletas  Pack of 6 ",1
502503295,"Bijol Coloring And Seasoning 1 x 100 envelopes - Bijol En Sobre (Pack of 1)",1
502503772,"Ricitos de Oro Hypoallergenic Lavender   Lettuce Baby Shampoo 400ml - Ricitos de Oro Lavanda y Lechu",1
300209,"Artribion Vitamin 20 Envelopes X 4 Gel Capsules- Vitaminas para la Artritis",1
300215,"Defensol-ito fruit flavor Infants Cough 1 oz fl - Jarabe para la tos infantil  Pack of 1 ",1
500629,"Palmolive Yoghurt and Fruits Soap 6.34 oz - Jabon de Yoghurt y Frutas (Pack of 18)",1
502262,"Picamas Green Hot Sauce 7.05 oz.  4-Pack  by Picamas",1
501915,"Malher Seasoning-Saborin 8.81 oz - Sazonador Saborin  Pack of 6 ",1
300321,"Incasa Cafe Instantaneo de Guatemala  Guatemalan Instant Coffee  100grs",1
502502434,"Chicles Clorets Blue - Clorets Azul 60 x 2 Pastillas (Pack of 6)",1
500007,"Picamas Green Hot Sauce 7.05 oz.  4-Pack ",1
502503638,"Gorilla Gallant Snot Gel 340g - Gel Galan Moco de Gorilla  Pack of 12 ",1
300255,"Vital Fuerte Syrup 9.29 OZ",1
502502913,"Crispin Biscuit With Chocolate - Galleta Cubierta De Chocolate  Pack of 36 ",1
502502771,"Ducal Black Beans 10.5 Oz - Frijoles Negros (Pack of 6)",1
501985,"Clorets Gum 60 x 2 units - Chicles  Pack of 12 ",1
300004-01,"B B Picamas Green Hot sauce 19 oz  Pack of 1",1
502503481,"Caprice Herbal Shampoo 800ml - Billo Champu Con Aceite Herbal (Pack of 2)",1
500280,"Incaparina Corn   Soy Cereal 15.9 oz - Cereal de Maiz y Soya  Pack of 4 ",1
501089,"Dr. Bells Pomade 1.2 oz - Pomada de La Campana  Pack of 6 ",1
300195,"Artridon Analgesic Ointment 4oz - Pomada Analgesica  Pack of 1",1
300225-01,"Neuro Fosfaton Liquid Shots Dietary Supplement  Pack of 1",1
300357,"Malher Fruty Dulce Candy Snack 0.70 oz - Dulce de Frutas  Pack of 1 ",1
500549,"Protex Balance Soap 3.9 oz - Jabon de Balance Natural  Pack of 18 ",1
502503281,"B B Ketchup Tomato Sauce 16 Oz - B B Ketchup Salsa De Tomate  Pack of 2 ",1
500561,"Protex Aloe Soap 3.75 oz - Jabon de Savila  Pack of 6 ",1
500064,"Del Frutal Mango Nectar 11.16 oz - Sabor Mango",1
502003,"Pozuelo Chiky Chocolate Cookie 16.9 oz - Galletas  Pack of 12 ",1
501938,"Melher Chocomelher  Cholocate Flavored Coating 15.52 oz  Pack of 12 ",1
500674,"Castilla Cream Flavor Concentrate 8.6 fl oz - Esencia de Crema  Pack of 12 ",1
502502910,"Crispin Biscuit With Chocolate - Galleta Cubierta De Chocolate  Pack of 18 ",1
502092,"Quaker Ground Oats 16 oz - Avena Molida  Pack of 5 ",1
502300640,"Grace animal ice vanilla cookie 1 oz  6 Cookies ",1
502054,"Prodiana Japanese Peanuts 4.6 oz - Mani Japones  Pack of 12 ",1
501989,"Adams Gum 100 x 2 units - Chiclets (Pack of 1)",1
501186,"Jaloma Olive Oil 4 oz - Aceite de Olivo  Pack of 18 ",1
502503965,"Vicks Vapor Rub 100g - VapoRub (Pack of 3)",1
300307,"Ina Screw Noodle 7.05 oz - Tornillo",1
502503221,"Obao Mens Fresh Scent Deodorant Spray 150ml - Desodorante Aerosol para Hombre de Aroma Fresco (Pack",1
300238,"Pharmadel Liquid Vitamin C 6 oz - Vitamina C Liquida",1
502503422,"Ponds Cleansing Cream 365g - Crema C de Limpieza  Pack of 3 ",1
300250,"Sal Andrews Antacid 50 Envelopes - Antiacido  Pack of 1",1
502503340,"Castilla Coconut Flavoring - Esencia sabor a Coco 8.6 oz  Pack of 2 ",1
300223,"Hemamina Energy Booster Vials 10 Units - Energizante en Ampollas",1
502300655,"Sedal Instant Restoration Shampoo 340ml - Sedal Restauracion Champu 340ml  Pack of 1 ",1
300157,"Bayer Aspirine Adults 100 Tabs - Aspirina para Adultos  Pack of 1",1
501154,"Rude   Gliceryn Soap 3.3 oz - Jabon de Ruda y Glicerina  Pack of 6 ",1
500644,"Sanborns Water Orange Blossom Cologne 6.83 oz  Pack of 6 ",1
502503341,"Castilla Coconut Flavoring - Esencia sabor a Coco 8.6 oz (Pack of 4)",1
300377-01,"Clorets Gum 60 x 2 units  Pack of 1",1
500318,"Natura s Doy Pack Red Beans 14.1 Oz - Frijoles Rojos Volteados",1
500968,"Vitacilina Antibiotic Cream 14 grams - Vitacilina en Crema  Pack of 6 ",1
502503153,"Caprice Herbal Shampoo 800ml - Billo Champu Con Aceite Herbal (Pack of 1)",1
500571,"Protex Omega 3 Soap 3.75 oz - Jabon con Omega 3  Pack of 6 ",1
501029,"Diclofenaco Antiflamatory 10x10 Tabs - Antiflamatorio en Tabletas  Pack of 12 ",1
501744,"Ina English Sauce 5 oz - Salsa Inglesa  Pack of 12 ",1
500307,"Malher Tomato Beef Bouillon 16 oz - Consome De Tomate y Res (Pack of 1)",1
501044,"SanaSana Ointment - Unguento  Pack of 12 ",1
501634,"Tortrix Lemon 0.88 oz  Pack of 12  - Limon  Pack of 6 ",1
502503191,"Obao Mens Oceanic Stick Deodorant 50g - Barra Oceanico Desodorante para Hombre (Pack of 1)",1
501023,"Kura Kura Ointment - Unguento  Pack of 6 ",1
500327,"Pozuelo Maria Bag Cookies 8.9 oz - Galletas  Pack of 2 ",1
300152,"Vital Fuerte H3 Antioxidant 30 Capsules - Antioxidante",1
300155-01,"Belmora AnaDent Pain Reliever Fever Reducer 24 Tabs  Pack of 1",1
502503470,"Caprice Apple Shampoo 800ml - Champu de Manzana (Pack of 1)",1
502300476,"Guava Roll Candy - Dulce Rollo De Guayaba 8.8 Oz  Pack of 1 ",1
502300746,"Adrenaline Rush Energy Drink 16oz - Adrenalina bebida energizante  Pack of 1 ",1
300072,"Diana Cornbits 0.56 oz Pack of 12 - Elotitos",1
502504478,"Mi Guatemala Annatto Seasoning Paste 16oz - Adobo de Achiote (Pack of 6)",1
500899,"Ducal Red Beans 5.5 oz - Frijol Rojo  Pack of 48 ",1
502503533,"Sedal Instant Restoration Shampoo 340ml - Sedal Restauracion Champu 340ml  Pack of 6 ",1
500126,"Dolo Neurobion Pain Reliever 30 tabs - Pastillas para el Dolor  Pack of 6 ",1
500642,"Sanborns Water Orange Blossom Cologne 6.83 oz  Pack of 18 ",1
500781,"Diana Cornbits 0.56 oz  Pack of 12  - Elotitos  Pack of 4 ",1
500650,"De mi Pais Coconut Water 10.5 oz - Agua de Coco  Pack of 18 ",1
501249,"Artridon Analgesic Ointment 4oz - Pomada Analgesica  Pack of 6 ",1
500804,"Mi Guatemala Toasted Lima Bean 12 oz - Haba Tostada  Pack of 6 ",1
506500079,"Soft strawberry centers covered in dark chocolate - Berra Bites  Pack of 2 ",1
502503583,"Odolex Original Scent Deodorizing Powder 300g - Talco Desodorante Olor Original  Pack of 2 ",1
500001,"Picamas Red Hot Sauce 7.05 oz.  3-Pack ",1
500896,"Ducal Red Beans 5.5 oz - Frijol Rojo  Pack of 12 ",1
502504519,"Diana Caramel Corn 0.67 oz (Dozen) - Alboroto (Pack of 2)",1
500704,"Castilla Lemon Flavor Concentrate 8.6 fl oz - Esencia de Limon  Pack of 12 ",1
502004,"Pozuelo Chiky Chocolate Cookie 16.9 oz - Galletas  Pack of 16 ",1
502502798,"Castilla Coconut Flavoring - Esencia sabor a Coco 8.6 oz (Pack of 1)",1
300351,"Malher Chicken Bouillon 8 oz - Consome de Pollo  Pack of 1",1
500574,"Protex Deep Clean Soap 3.75 oz - Jabon de Limpieza Profunda  Pack of 18 ",1
502503349,"Savile Avocado Hair Restoring Shampoo 750ml - Savile Aguacate Restauracion Champu (Pack of 6)",1
300306,"Ina Elbow Noodle 7.05 oz - Codito",1
501052,"SelecPharma Clotritlex Ointment - Unguento  Pack of 6 ",1
502503793,"B&B Jamaica Flower Concentrate 23oz - Rosa de Jamaica (Pack of 12)",1
300270,"Sukrol Cherry Flavor Dietary Supplement 8 z fl - Suplemento Multivitaminico sabor cereza",1
502503354,"Savile Healthy Growth  Chili Extract Shampoo 750ml - Savile Chile Crecimiento Champu  Pack of 3 ",1
502503812,"B&B Picamas Green Hot Sauce 16oz - Salsa Picante Verde (Pack of 6)",1
300197,"Dolo Neurobion Extra-Strength Pain Reliever Display 50 Envelopes x 2 Tabs- Pastillas para el Dolor",1
502503148,"Wildroot Leave in Conditioner 250ml - Acondicionador  Pack of 3 ",1
300073,"Diana Cornbits Hot 0.56 oz  Pack of 12  - Elotitos con Piquete  Pack of 1",1
502503949,"Savile Biotin Hair Styling Cream 300ml - Crema para el cabello biotina  Pack of 6 ",1
300349,"Malher Toki Mix 0.28 oz - Surtido  Pack of 1",1
300024,"Asepxia Soap Herbal 4 oz - Jabon de Hierbas  Pack of 1",1
500525,"Palmolive Brillantine 1.75 oz - Brillantina  Pack of 12 ",1
125486,"Carbon Del Sur 100  Natural Wood Charcoal",1
300337,"Malher Hilachas Mix 2.22 oz  Pack of 1",1
502503512,"Sedal Hair Growth Shampoo 340ml - Sedal Crecimiento Fortificado Champu (Pack of 8)",1
502300745,"B B Worcestershire Sauce 5.36oz - Salsa Inglesa  Pack of 1 ",1
300260,"Bedoyecta Multi-Vitamin Capsules  30 Count",1
502502363,"Tropical Bananita - Refresco De Banana 2.5 Lt  Pack of 6 ",1
502503471,"Caprice Apple Shampoo 800ml - Champu de Manzana (Pack of 4)",1
502502349,"Totis Lemon-Salt Snacks - Donitas Sal Y Limon 1.76 Oz  Pack of 2 ",1
502225,"Ya Esta Chicken Rotisserie 3.5 oz - Rostizador de Pollo  Pack of 6 ",1
501991,"Adams Gum 100 x 2 units - Chiclets  Pack of 18 ",1
502502346,"Totis Lemon-Salt Snacks - Donitas Sal Y Limon 1.76 Oz  Pack of 24 ",1
500924,"Ducal Refried Black Beans 15 oz - Frijoles Negros Refritos  Pack of 12 ",1
502503925,"Hinds Natural Dry Skin Lotion 400ml - Natural Piel Seca Locion  Pack of 6 ",1
300186,"Jabon Aceite De Vibora De Cascabel Pimples  Blackheads  Skin Blemishes",1
300228,"Mente Vital Forte Drinkables 5 oz fl - Suplemento Multivitaminico  Pack of 1",1
502503168,"Obao Mens Black Stick Deodorant 50g - Barra Negro Desodorante para Hombre (Pack of 1)",1
502271,"Ducal Bean Refried Black 29 OZ  Pack of 12 ",1
502503917,"Mi Guatemala Fig Leaf Atole 8oz - Atol de Suchile  Pack of 3 ",1
502502675,"Pentrexcilina Childrens Cough Relief - Alivio Para La Tos Ninos 8 Oz (Pack of 1)",1
500134,"DLC Merthodol 1 oz - Merthiolate  Pack of 6 ",1
502300738,"Florida Water Cologne 7.5oz - Agua Florida Colonia  Pack of 1 ",1
300142-01,"SelecPharma Clotritlex Ointment  Pack of 1",1
502503185,"Obao Mens Ice Deodorant Stick 50g - Barra Hielo Desodorante para Hombre (Pack of 1)",1
501782,"Incasa Coffee 1.76 oz - Cafe  Pack of 12 ",1
501820,"Lido Margarita Cookies 6.7 oz - Galletas  Pack of 12 ",1
300070,"Diana Cheesteen 1.12 oz - Quesitos",1
500006,"B B Picamas Green Hot sauce 7.5 oz - Salsa verde picante  Pack of 3 ",1
502503511,"Sedal Hair Growth Shampoo 340ml - Sedal Crecimiento Fortificado Champu (Pack of 4)",1
500630,"Palmolive Yoghurt and Fruits Soap 6.34 oz - Jabon de Yoghurt y Frutas  Pack of 24 ",1
502502804,"Castilla Jamaica Flavoring - Esencia sabor a Jamaica 8.6 Oz  Pack of 6 ",1
500699,"Castilla Yolk  Concentrate 8.6 fl oz - Solucion de Yema  Pack of 12 ",1
502300508,"Emulsion Scott Cherry  - Emulsion Cereza 200 ml  Pack of 1 ",1
506500023,"Chocolate Whole Oats Sugar Free Cookies Galletas de Chocolate Sin Azucar  Pack of 6 ",1
502300772,"Hinds Natural Dry Skin Lotion 400ml - Natural Piel Seca Locion  Pack of 1 ",1
300425,"Tiky Pineapple Drink 100.5 oz - Refresco de Pina  Pack of 1",1
500767,"Diana Corn Curl 0.25 oz  Pack of 12  - Churritos  Pack of 4 ",1
500911,"Ducal Refried Black Beans 8 oz - Frijoles Negros Refritos  Pack of 6 ",1
500547,"Protex Balance Soap 3.9 oz - Jabon de Balance Natural (Pack of 1)",1
502195,"Tropiking Aloe Vera Drink 50.7 oz - Bebida de Savila  Pack of 6 ",1
500558,"Protex Aloe Soap 3.75 oz - Jabon de Savila  Pack of 12 ",1
502502809,"Castilla Vanilla Clara Flavoring - Esencia sabor a Vainilla 8.6 Oz (Pack of 6)",1
300068,"Diana Peanuts 0.53 oz  Pack of 12  - Manias  Pack of 1",1
500121,"Vitacilina 28 grams - Antibiotico en Unguento  Pack of 6 ",1
502503356,"Savile Healthy Growth, Chili Extract Shampoo 750ml - Savile Chile Crecimiento Champu (Pack of 9)",1
300303,"Ina Coil Fideo 5.29 oz -  Entrefino Fideos",1
501774,"Protemas Soy Protein 4.2 oz - Proteina de Soya  Pack of 27 ",1
502503658,"Hinds Classic Dry Skin Lotion 230ml - Clasica Piel Seca Locion (Pack of 4)",1
502106,"Tropical Bananita Drink 12 oz - Refresco de Banana  Pack of 12 ",1
300043,"Castilla Pineapple Flavor Concentrate 8.6 fl oz - Esencia de Pina  Pack of 1",1
502503311,"Ponds B3 Aclarant Dry Skin 100 gr - Aclarante Piel Seca (Pack of 2)",1
300376,"GD Molcajete Mexican Mortar and Pestle 8.5 in - Handmade",1
502503577,"Odolex Original Scent Deodorizing Powder 300g - Talco Desodorante Olor Original  Pack of 12 ",1
300397,"Diana Caramel Corn Snack 5.18 oz - ALboroto",1
300226,"Hemanina Forte Dietary Supplement 0.5 oz fl - Suplemento Multivitaminico",1
502300678,"Palmolive Extra Intense Conditioning 2in1 Shampoo 1L - Palmolive Acondicionamiento Extra Intensivo 2",1
300015,"Protex Aloe Soap 3.75 oz - Jabon de Savila",1
300412,"Mineral Water Drink 12 oz - Agua Mineral  Pack of 1",1
300315,"Ina Heart of Wheat 14.10 oz - Corazon de Trigo",1
502503743,"Xtreme Reaction Clear Styling Gel 250g - Reaccion Transparente Gel de Peinado (Pack of 2)",1
502056,"Prodiana Japanese Peanuts 4.6 oz - Mani Japones  Pack of 24 ",1
500930,"Ducal Refried Red Beans 29 oz - Frijoles Rojos Refritos  Pack of 6 ",1
502504526,"Mi Guatemala Chiltepe Hot Sauce 8 oz - Salsa Picante (Pack of 3)",1
501658,"Tortrix Lemon 6.35 oz - Limon Paquete Familiar  Pack of 8 ",1
300333,"Malher Seasoning Tenderizer 0.35 oz - Sazonador Ablandador",1
501047,"SanaSana Ointment - Unguento  Pack of 6 ",1
502503443,"Tio Nacho Natural Lightening Shampoo with Royal Jelly and Chamomile 415ml - Aclarador Natural con Ja",1
500618,"Palmolive Neutro Balance Soap 6.34 oz - Jabon Balance Natural  Pack of 6 ",1
501814,"La Sirena Pica Pica Sardine 15 oz - Sardina  Pack of 6 ",1
300065,"Diana Corn Curl 1.12 oz - Churritos",1
300179,"Dolofin Analgesic and Fever Reducer 100 Tabs  Pack of 1",1
501018,"GMS Balsam - Balsamico  Pack of 6 ",1
502503437,"Tio Nacho Mexican Herbal Hair Strengthening Shampoo 415ml - Herbolaria Mexicana Champu  Pack of 2 ",1
300400,"Diana Cornbits Limon Snack 4.3 oz - Elotitos con Limon",1
300321-01,"Incasa Coffee 3.53 oz  Pack of 1",1
500503,"B B Picamas Green Hot sauce 3.52 oz - Salsa verde picante  Pack of 36 ",1
500256,"Flanax Anti acid Liquid 12 oz - Liquido Anti Acido.  Pack of 3 ",1
502300759,"Bronco Liptos Medicated Lollipops 17.7oz - Lollipops medicinales  Pack of 1 ",1
300256,"Vital Fuerte Strawberry Syrup 9.3 oz  -  Suplemento Multivitaminico sabor a Fresa",1
300399-06,"Picnic Vanilla Cookies 10.5oz  Pack of 6",1
501484,"Lainez Bacaolina Adults Dietary Supplement 8 oz  Pack of 6 ",1
502502926,"Guava Roll Candy - Dulce Rollo De Guayaba 8.8 Oz  Pack of 6 ",1
500333,"Pozuelo Chiky 16.9 Oz 6-pack  Chocolate ",1
300320,"Incasa Coffee 1.76 oz - Cafe  Pack of 1",1
501578,"Vino Carne Hierro Dietary Supplement 16 oz - Suplemento Vitaminico  Pack of 6 ",1
502503862,"Del Frutal Peach Nectar Concentrate 1000ml - Concentrado de jugo de melocoton (Pack of 1)",1
502502929,"Soft Caramel Spread - Dulce De Cajeta En Madera 9 Oz  Pack of 2 ",1
502503778,"Florida Water Cologne 7.5oz - Agua Florida Colonia   Pack of 3 ",1
500186,"Dr. Bells Pomade 2.6 oz Pomada de La Campana  Pack of 6 ",1
502503794,"B B Jamaica Flower Concentrate 23oz - Rosa de Jamaica  Pack of 2 ",1
500697,"Castilla Vanilla Flavor Concentrate 8.6 fl oz - Esencia de Vainilla  Pack of 6 ",1
501933,"Mayte Sweet Plantain Chips 3 oz  Pack of 12 ",1
300018,"Protex Deep Clean Soap 3.9 oz - Jabon de Limpieza Profunda",1
502214,"Tropiking Aloe Vera Drink 16.9 oz - Bebida de Savila  Pack of 18 ",1
502502532,"Penicilina For Wounds And Bites - Para Heridas Y Picaduras 0.45 Oz  Pack of 24 ",1
502503380,"Ponds Mosturizing S Cream 400g - Crema S Humectante (Pack of 1)",1
300085,"Mi Guatemala Chocolate 12 oz",1
501996,"Pozuelo Maria Bag Cookies 8.9 oz - Galletas  Pack of 6 ",1
$productid,$disnam,0
,,0
123456,,0
